-- MySQL dump 10.13  Distrib 5.7.21, for Linux (i686)
--
-- Host: localhost    Database: config_system
-- ------------------------------------------------------
-- Server version	5.7.21

/*!40101 SET @OLD_CHARACTER_SET_CLIENT=@@CHARACTER_SET_CLIENT */;
/*!40101 SET @OLD_CHARACTER_SET_RESULTS=@@CHARACTER_SET_RESULTS */;
/*!40101 SET @OLD_COLLATION_CONNECTION=@@COLLATION_CONNECTION */;
/*!40101 SET NAMES utf8 */;
/*!40103 SET @OLD_TIME_ZONE=@@TIME_ZONE */;
/*!40103 SET TIME_ZONE='+00:00' */;
/*!40014 SET @OLD_UNIQUE_CHECKS=@@UNIQUE_CHECKS, UNIQUE_CHECKS=0 */;
/*!40014 SET @OLD_FOREIGN_KEY_CHECKS=@@FOREIGN_KEY_CHECKS, FOREIGN_KEY_CHECKS=0 */;
/*!40101 SET @OLD_SQL_MODE=@@SQL_MODE, SQL_MODE='NO_AUTO_VALUE_ON_ZERO' */;
/*!40111 SET @OLD_SQL_NOTES=@@SQL_NOTES, SQL_NOTES=0 */;

--
-- Table structure for table `application_info`
--

DROP TABLE IF EXISTS `application_info`;
/*!40101 SET @saved_cs_client     = @@character_set_client */;
/*!40101 SET character_set_client = utf8 */;
CREATE TABLE `application_info` (
  `id` int(11) NOT NULL AUTO_INCREMENT,
  `config_id` int(11) NOT NULL,
  `project_title` varchar(255) NOT NULL,
  `application` int(11) NOT NULL,
  `management_function` tinyint(1) NOT NULL,
  `language` varchar(255) NOT NULL,
  `create_time` timestamp NULL DEFAULT NULL,
  `update_time` timestamp NULL DEFAULT NULL,
  PRIMARY KEY (`id`),
  UNIQUE KEY `uni_con` (`config_id`),
  KEY `config_id` (`config_id`),
  CONSTRAINT `fk_app_con` FOREIGN KEY (`config_id`) REFERENCES `configuration_info` (`id`) ON DELETE CASCADE ON UPDATE CASCADE
) ENGINE=InnoDB AUTO_INCREMENT=96 DEFAULT CHARSET=utf8;
/*!40101 SET character_set_client = @saved_cs_client */;

--
-- Dumping data for table `application_info`
--

LOCK TABLES `application_info` WRITE;
/*!40000 ALTER TABLE `application_info` DISABLE KEYS */;
INSERT INTO `application_info` VALUES (1,1,'东江湖项目',1,1,'中文','2018-02-23 01:39:14','2018-02-23 01:39:14'),(2,2,'东莞联通',2,1,'中文','2018-02-23 01:40:29','2018-02-23 01:40:29'),(3,3,'越南电力',3,1,'英文','2018-02-23 01:43:06','2018-02-23 01:43:06'),(4,4,'柬埔寨',2,1,'中文','2018-02-23 07:31:09','2018-02-23 07:31:09'),(5,5,'柬埔寨',2,1,'中文','2018-02-23 07:31:45','2018-02-23 07:31:45'),(6,6,'柬埔寨',2,1,'中文','2018-02-23 07:32:52','2018-02-23 07:32:52'),(7,7,'东江湖项目',1,1,'中文','2018-02-23 07:44:22','2018-02-23 07:44:22'),(8,8,'东江湖项目',1,1,'中文','2018-02-23 07:44:38','2018-02-23 07:44:38'),(9,9,'东江湖项目',1,1,'中文','2018-02-23 08:03:38','2018-02-23 08:03:38'),(10,10,'柬埔寨',2,1,'中文','2018-02-23 08:34:12','2018-02-23 08:34:12'),(11,11,'对对对',1,1,'中文','2018-02-23 08:43:24','2018-02-23 08:43:24'),(12,12,'1',1,1,'中文','2018-02-23 10:39:52','2018-02-23 10:39:52'),(13,13,'东江湖项目',1,1,'英文','2018-02-24 06:20:56','2018-02-24 06:20:56'),(14,14,'电信基础配置',2,1,'中文','2018-02-24 06:23:46','2018-02-24 06:23:46'),(15,15,'2',1,1,'中文','2018-02-24 06:31:13','2018-02-24 06:31:13'),(16,16,'22',3,0,'中文','2018-02-24 06:34:53','2018-02-24 06:34:53'),(17,17,'22',3,0,'中文','2018-02-24 06:35:00','2018-02-24 06:35:00'),(18,18,'南宁供电局',1,1,'中文','2018-02-24 06:47:07','2018-02-24 06:47:07'),(19,19,'深圳供电局',1,0,'中文','2018-02-24 06:50:10','2018-02-24 06:50:10'),(20,20,'广东联通',2,1,'中文','2018-02-24 06:52:03','2018-02-24 06:52:03'),(21,21,'东江湖',1,1,'中文','2018-02-24 07:44:20','2018-02-24 07:44:20'),(22,22,'东江湖',1,1,'中文','2018-02-24 07:45:08','2018-02-24 07:45:08'),(23,23,'东江湖',1,1,'中文','2018-02-24 07:46:55','2018-02-24 07:46:55'),(25,25,'东江湖项目',1,1,'中文','2018-02-24 09:50:13','2018-02-24 09:50:13'),(26,26,'东江湖项目',1,1,'中文','2018-02-24 09:55:06','2018-02-24 09:55:06'),(27,27,'东江湖项目',1,1,'英文','2018-02-24 10:16:11','2018-02-24 10:16:11'),(28,28,'东江湖项目',1,1,'中文','2018-02-24 13:48:54','2018-02-24 13:48:54'),(29,29,'南宁供电局',1,1,'中文','2018-02-25 03:01:38','2018-02-25 03:01:38'),(30,30,'东江湖2期',1,1,'中文','2018-02-26 00:54:46','2018-02-26 00:54:46'),(31,31,'老挝电信',2,1,'英文','2018-02-26 01:10:24','2018-02-26 01:10:24'),(32,32,'老挝电信',2,1,'英文','2018-02-26 01:18:02','2018-02-26 01:18:02'),(33,33,'老挝电信项目',2,1,'英文','2018-02-26 01:48:12','2018-02-26 01:48:12'),(34,34,'测试--朱宁',1,1,'中文','2018-02-26 01:56:58','2018-02-26 01:56:58'),(35,35,'菲律宾',1,1,'英文','2018-02-26 02:00:08','2018-02-26 02:00:08'),(36,36,'印尼SIGIMA',1,1,'英文','2018-02-26 02:05:53','2018-02-26 02:05:53'),(37,37,'承德3期',1,1,'中文','2018-02-26 02:13:55','2018-02-26 02:13:55'),(38,38,'四川电力',3,1,'中文','2018-02-26 02:21:08','2018-02-26 02:21:08'),(39,39,'深圳',1,0,'中文','2018-02-26 02:36:00','2018-02-26 02:36:00'),(40,40,'河北移动机房',2,1,'中文','2018-02-26 05:44:56','2018-02-26 05:44:56'),(41,41,'南宁',1,1,'中文','2018-02-26 10:34:25','2018-02-26 10:34:25'),(42,42,'111',1,1,'中文','2018-02-26 10:50:49','2018-02-26 10:50:49'),(43,43,'东江湖项目',1,1,'英文','2018-02-27 02:22:46','2018-02-27 02:22:46'),(44,44,'元义',2,1,'中文','2018-02-27 06:49:00','2018-02-27 06:49:00'),(45,45,'联通机房',2,1,'中文','2018-02-28 06:07:39','2018-02-28 06:07:39'),(46,46,'联通机房',2,1,'中文','2018-02-28 06:18:33','2018-02-28 06:18:33'),(47,47,'中国联通',2,1,'中文','2018-02-28 06:25:46','2018-02-28 06:25:46'),(48,48,'中国移动',1,1,'中文','2018-02-28 06:45:24','2018-02-28 06:45:24'),(49,49,'东南大学',1,0,'中文','2018-03-13 01:16:42','2018-03-13 01:16:42'),(50,50,'越南IDC',1,0,'英文','2018-03-22 02:59:19','2018-03-22 02:59:19'),(51,51,'越南IDC-2',2,0,'英文','2018-03-22 03:04:18','2018-03-22 03:04:18'),(52,52,'江苏国网变电站',3,1,'中文','2018-03-23 02:56:21','2018-03-23 02:56:21'),(53,53,'紫光云展厅',1,1,'中文','2018-03-23 09:57:21','2018-03-23 09:57:21'),(54,54,'紫云展厅',1,1,'中文','2018-03-26 05:55:57','2018-03-26 05:55:57'),(55,55,'紫云展厅',1,0,'中文','2018-03-26 05:58:18','2018-03-26 05:58:18'),(56,56,'紫光云',1,1,'中文','2018-03-27 01:10:34','2018-03-27 01:10:34'),(57,57,'马来',1,0,'英文','2018-03-29 08:09:07','2018-03-29 08:09:07'),(58,58,'紫光-铁塔',2,1,'中文','2018-04-03 07:21:35','2018-04-03 07:21:35'),(59,59,'Joslin 216V300Ah UPS配置',1,0,'英文','2018-04-10 07:00:46','2018-04-10 07:00:46'),(60,60,'土耳其电信节能方案配置',2,1,'英文','2018-04-17 01:47:58','2018-04-17 01:47:58'),(61,61,'湖南云巢',1,1,'中文','2018-04-17 06:00:12','2018-04-17 06:00:12'),(62,62,'123',2,1,'英文','2018-04-17 06:00:52','2018-04-17 06:00:52'),(63,63,'湖南云巢1台600KVA',1,1,'中文','2018-04-17 06:48:58','2018-04-17 06:48:58'),(64,64,'湖南云巢48V2000A开关电源',1,1,'中文','2018-04-17 06:58:13','2018-04-17 06:58:13'),(65,65,'湖南云巢48V2000A开关电源',1,1,'中文','2018-04-17 06:58:37','2018-04-17 06:58:37'),(66,66,'玉溪云巢1台500KVA',1,1,'中文','2018-04-18 03:21:49','2018-04-18 03:21:49'),(67,67,'玉溪1台600KVA',1,1,'中文','2018-04-18 03:23:14','2018-04-18 03:23:14'),(68,68,'越南岘港数据中心',1,1,'英文','2018-04-19 08:32:56','2018-04-19 08:32:56'),(69,69,'越南岘港数据中心-2',1,0,'英文','2018-04-19 08:39:07','2018-04-19 08:39:07'),(70,70,'xxx',1,1,'中文','2018-05-02 06:48:10','2018-05-02 06:48:10'),(71,71,'伊顿UPS项目',1,1,'中文','2018-05-08 06:09:24','2018-05-08 06:09:24'),(72,72,'武汉新芯二期',1,1,'中文','2018-05-09 06:13:37','2018-05-09 06:13:37'),(73,73,'天津公安局',1,0,'中文','2018-05-14 08:45:15','2018-05-14 08:45:15'),(74,74,'柬埔寨',2,1,'英文','2018-05-25 07:02:06','2018-05-25 07:02:06'),(75,75,'越南岘港数据中心-2',1,1,'中文','2018-05-25 10:09:12','2018-05-25 10:09:12'),(76,76,'某电信机房',2,1,'中文','2018-05-30 02:01:19','2018-05-30 02:01:19'),(77,77,'泰国',2,0,'英文','2018-06-04 05:52:23','2018-06-04 05:52:23'),(78,78,'泰国',2,1,'英文','2018-06-04 05:54:15','2018-06-04 05:54:15'),(79,79,'泰昂能源',3,1,'中文','2018-06-06 02:20:38','2018-06-06 02:20:38'),(80,80,'泰昂能源',2,1,'中文','2018-06-06 02:28:18','2018-06-06 02:28:18'),(81,81,'某数据中心',1,0,'中文','2018-06-06 02:50:52','2018-06-06 02:50:52'),(82,82,'某数据中心',1,0,'英文','2018-06-11 02:18:18','2018-06-11 02:18:18'),(83,83,'柬埔寨客户QB',2,0,'中文','2018-06-21 02:41:09','2018-06-21 02:41:09'),(84,84,'印尼java岛',2,0,'英文','2018-07-04 03:42:38','2018-07-04 03:42:38'),(85,85,'匈牙利电信数据机房',2,1,'英文','2018-07-04 06:15:50','2018-07-04 06:15:50'),(86,86,'某电信',2,0,'英文','2018-07-06 07:04:04','2018-07-06 07:04:04'),(87,87,'缅甸太阳能',1,0,'英文','2018-07-06 07:10:35','2018-07-06 07:10:35'),(88,88,'某UPS',1,0,'英文','2018-07-06 07:16:37','2018-07-06 07:16:37'),(90,90,'匈牙利数据中心',1,0,'英文','2018-07-10 12:21:53','2018-07-10 12:21:53'),(91,91,'黎巴嫩太阳能',2,0,'英文','2018-07-31 03:22:52','2018-07-31 03:22:52'),(92,92,'马来光纤运营商数据机房',1,0,'英文','2018-08-01 14:44:41','2018-08-01 14:44:41'),(93,93,'某UPS',1,0,'英文','2018-08-23 03:33:55','2018-08-23 03:33:55'),(94,94,'广州沙溪IDC',1,0,'中文','2018-08-28 05:42:47','2018-08-28 05:42:47'),(95,95,'TimeDotcom数据中心',1,0,'中文','2018-09-07 01:56:44','2018-09-07 01:56:44');
/*!40000 ALTER TABLE `application_info` ENABLE KEYS */;
UNLOCK TABLES;

--
-- Table structure for table `battery_info`
--

DROP TABLE IF EXISTS `battery_info`;
/*!40101 SET @saved_cs_client     = @@character_set_client */;
/*!40101 SET character_set_client = utf8 */;
CREATE TABLE `battery_info` (
  `id` int(11) NOT NULL AUTO_INCREMENT,
  `power_id` int(11) NOT NULL,
  `battery_voltage` int(255) NOT NULL,
  `battery_capacity` int(255) NOT NULL,
  `banks` int(255) NOT NULL,
  `each_bank_number` int(11) NOT NULL,
  `bus_diameter` int(255) DEFAULT NULL,
  `width` double NOT NULL,
  `create_time` timestamp NULL DEFAULT '0000-00-00 00:00:00' ON UPDATE CURRENT_TIMESTAMP,
  `update_time` timestamp NULL DEFAULT '0000-00-00 00:00:00' ON UPDATE CURRENT_TIMESTAMP,
  PRIMARY KEY (`id`),
  UNIQUE KEY `uni_bat_power` (`power_id`),
  KEY `power_id` (`power_id`),
  CONSTRAINT `fk_bat_pow` FOREIGN KEY (`power_id`) REFERENCES `ups_info` (`id`) ON DELETE CASCADE ON UPDATE CASCADE
) ENGINE=InnoDB AUTO_INCREMENT=77 DEFAULT CHARSET=utf8;
/*!40101 SET character_set_client = @saved_cs_client */;

--
-- Dumping data for table `battery_info`
--

LOCK TABLES `battery_info` WRITE;
/*!40000 ALTER TABLE `battery_info` DISABLE KEYS */;
INSERT INTO `battery_info` VALUES (1,1,12,200,3,44,240,200,'2018-02-23 01:39:14','2018-02-23 01:39:14'),(2,2,12,230,3,40,240,200,'2018-02-23 01:39:14','2018-02-23 01:39:14'),(3,3,12,200,3,44,240,200,'2018-02-23 07:44:22','2018-02-23 07:44:22'),(4,4,12,200,3,44,240,200,'2018-02-23 07:44:38','2018-02-23 07:44:38'),(5,5,12,200,3,44,240,200,'2018-02-23 08:03:38','2018-02-23 08:03:38'),(6,6,12,200,3,44,70,200,'2018-02-23 08:43:24','2018-02-23 08:43:24'),(7,7,12,1,1,1,1,1,'2018-02-23 10:39:52','2018-02-23 10:39:52'),(8,8,12,200,3,44,240,230,'2018-02-24 06:20:56','2018-02-24 06:20:56'),(9,9,12,2,2,2,2,2,'2018-02-24 06:31:13','2018-02-24 06:31:13'),(10,10,12,200,2,44,240,12,'2018-02-24 06:47:07','2018-02-24 06:47:07'),(11,11,12,200,2,44,180,140,'2018-02-24 06:50:10','2018-02-24 06:50:10'),(12,12,12,200,2,44,180,140,'2018-02-24 06:50:10','2018-02-24 06:50:10'),(13,13,12,200,3,44,240,200,'2018-02-24 07:44:20','2018-02-24 07:44:20'),(14,14,12,200,3,44,240,200,'2018-02-24 07:45:08','2018-02-24 07:45:08'),(15,15,12,200,3,44,240,200,'2018-02-24 07:46:55','2018-02-24 07:46:55'),(16,16,12,200,3,44,240,200,'2018-02-24 09:50:13','2018-02-24 09:50:13'),(17,17,12,200,3,44,240,200,'2018-02-24 09:55:06','2018-02-24 09:55:06'),(18,18,12,200,3,44,240,200,'2018-02-24 10:16:11','2018-02-24 10:16:11'),(19,19,12,1,1,1,11,1,'2018-02-24 13:48:54','2018-02-24 13:48:54'),(20,20,2,1,1,1,1,1,'2018-02-24 13:48:54','2018-02-24 13:48:54'),(21,21,12,200,3,32,70,238,'2018-02-25 03:01:38','2018-02-25 03:01:38'),(22,22,12,200,12,44,240,20,'2018-02-26 00:54:46','2018-02-26 00:54:46'),(23,23,2,150,3,144,35,300,'2018-02-26 01:56:58','2018-02-26 01:56:58'),(24,24,12,200,3,42,240,208,'2018-02-26 02:00:08','2018-02-26 02:00:08'),(25,25,12,200,2,40,240,208,'2018-02-26 02:05:53','2018-02-26 02:05:53'),(26,26,12,200,3,42,240,208,'2018-02-26 02:13:55','2018-02-26 02:13:55'),(27,27,12,200,2,42,180,208,'2018-02-26 02:36:00','2018-02-26 02:36:00'),(28,28,12,100,6,32,70,330,'2018-02-26 10:34:25','2018-02-26 10:34:25'),(29,29,12,200,3,32,240,200,'2018-02-26 10:50:49','2018-02-26 10:50:49'),(30,30,12,200,3,44,240,200,'2018-02-27 02:22:46','2018-02-27 02:22:46'),(31,31,12,200,3,8,8,10,'2018-02-28 06:45:24','2018-02-28 06:45:24'),(32,32,12,100,2,44,70,330,'2018-03-13 01:16:42','2018-03-13 01:16:42'),(33,33,12,100,2,40,70,330,'2018-03-13 01:16:42','2018-03-13 01:16:42'),(34,34,2,720,1,288,120,200,'2018-03-22 02:59:19','2018-03-22 02:59:19'),(35,35,12,100,2,32,90,210,'2018-03-23 09:57:21','2018-03-23 09:57:21'),(36,36,12,100,2,32,90,172,'2018-03-26 05:55:57','2018-03-26 05:55:57'),(37,37,12,100,2,32,90,172,'2018-03-26 05:58:18','2018-03-26 05:58:18'),(38,38,12,100,2,32,90,172,'2018-03-27 01:10:34','2018-03-27 01:10:34'),(39,39,12,200,2,34,90,250,'2018-03-29 08:09:07','2018-03-29 08:09:07'),(40,40,12,200,3,34,90,250,'2018-03-29 08:09:07','2018-03-29 08:09:07'),(41,41,12,200,4,34,90,250,'2018-03-29 08:09:07','2018-03-29 08:09:07'),(42,42,2,300,3,108,150,210,'2018-04-10 07:00:46','2018-04-10 07:00:46'),(43,43,12,200,3,42,185,208,'2018-04-17 06:00:12','2018-04-17 06:00:12'),(44,44,12,230,3,42,185,240,'2018-04-17 06:48:58','2018-04-17 06:48:58'),(45,45,2,2000,2,24,240,180,'2018-04-17 06:58:13','2018-04-17 06:58:13'),(46,46,2,2000,2,24,240,180,'2018-04-17 06:58:37','2018-04-17 06:58:37'),(47,47,12,200,3,42,185,208,'2018-04-18 03:21:49','2018-04-18 03:21:49'),(48,48,12,230,3,42,185,240,'2018-04-18 03:23:14','2018-04-18 03:23:14'),(49,49,2,800,1,240,95,250,'2018-04-19 08:32:56','2018-04-19 08:32:56'),(50,50,2,3000,5,24,600,250,'2018-04-19 08:32:56','2018-04-19 08:32:56'),(51,51,2,3000,6,24,600,250,'2018-04-19 08:32:56','2018-04-19 08:32:56'),(52,52,2,800,1,240,95,250,'2018-04-19 08:39:07','2018-04-19 08:39:07'),(53,53,2,3000,5,24,600,250,'2018-04-19 08:39:07','2018-04-19 08:39:07'),(54,54,2,3000,6,24,600,250,'2018-04-19 08:39:07','2018-04-19 08:39:07'),(55,55,12,150,1,16,70,500,'2018-05-02 06:48:10','2018-05-02 06:48:10'),(56,56,12,200,3,39,35,530,'2018-05-08 06:09:24','2018-05-08 06:09:24'),(57,57,12,200,3,39,240,230,'2018-05-09 06:13:37','2018-05-09 06:13:37'),(58,58,12,150,2,39,240,500,'2018-05-09 06:13:37','2018-05-09 06:13:37'),(59,59,2,1000,1,240,150,250,'2018-05-14 08:45:15','2018-05-14 08:45:15'),(60,60,12,200,2,32,200,200,'2018-05-25 10:09:12','2018-05-25 10:09:12'),(61,61,2,150,1,32,90,200,'2018-06-06 02:50:52','2018-06-06 02:50:52'),(62,62,2,600,1,60,150,200,'2018-06-11 02:18:18','2018-06-11 02:18:18'),(63,63,2,200,1,120,90,200,'2018-07-06 07:10:35','2018-07-06 07:10:35'),(64,64,12,200,8,40,150,200,'2018-07-06 07:16:37','2018-07-06 07:16:37'),(66,66,2,3000,2,25,90,200,'2018-07-10 12:21:53','2018-07-10 12:21:53'),(67,67,12,235,4,44,240,250,'2018-08-01 14:44:41','2018-08-01 14:44:41'),(68,68,12,205,1,40,240,250,'2018-08-01 14:44:41','2018-08-01 14:44:41'),(69,69,12,235,2,34,240,250,'2018-08-01 14:44:41','2018-08-01 14:44:41'),(70,70,12,100,2,40,90,200,'2018-08-23 03:33:55','2018-08-23 03:33:55'),(71,71,12,200,3,32,150,250,'2018-08-28 05:42:47','2018-08-28 05:42:47'),(72,72,12,200,4,32,150,250,'2018-08-28 05:42:47','2018-08-28 05:42:47'),(73,73,12,200,3,42,150,250,'2018-08-28 05:42:47','2018-08-28 05:42:47'),(74,74,12,200,3,42,150,250,'2018-08-28 05:42:47','2018-08-28 05:42:47'),(75,75,12,230,4,44,150,200,'2018-09-07 01:56:44','2018-09-07 01:56:44'),(76,76,12,230,4,34,150,200,'2018-09-07 01:56:44','2018-09-07 01:56:44');
/*!40000 ALTER TABLE `battery_info` ENABLE KEYS */;
UNLOCK TABLES;

--
-- Table structure for table `cabinet_device`
--

DROP TABLE IF EXISTS `cabinet_device`;
/*!40101 SET @saved_cs_client     = @@character_set_client */;
/*!40101 SET character_set_client = utf8 */;
CREATE TABLE `cabinet_device` (
  `id` int(11) NOT NULL AUTO_INCREMENT,
  `cabinet_type` int(11) NOT NULL,
  `model` varchar(255) NOT NULL,
  `support_banks` int(11) NOT NULL,
  `voltage` int(11) NOT NULL,
  `each_bank_current` int(11) NOT NULL,
  `create_time` timestamp NULL DEFAULT NULL,
  `update_time` timestamp NULL DEFAULT NULL,
  PRIMARY KEY (`id`),
  KEY `cabinet_type` (`cabinet_type`)
) ENGINE=InnoDB AUTO_INCREMENT=46 DEFAULT CHARSET=utf8;
/*!40101 SET character_set_client = @saved_cs_client */;

--
-- Dumping data for table `cabinet_device`
--

LOCK TABLES `cabinet_device` WRITE;
/*!40000 ALTER TABLE `cabinet_device` DISABLE KEYS */;
INSERT INTO `cabinet_device` VALUES (1,1,'SLC-400-600',1,600,400,'2018-02-19 00:06:41','2018-02-19 00:06:41'),(2,1,'SLC-600-600',1,600,600,'2018-02-19 00:06:41','2018-02-19 00:06:41'),(3,1,'SLC-800-600',1,600,800,'2018-02-19 00:06:41','2018-02-19 00:06:41'),(4,1,'SLC-1000-600',1,600,1000,'2018-02-19 00:06:41','2018-02-19 00:06:41'),(5,1,'SLC-1250-600',1,600,1250,'2018-02-19 00:06:41','2018-02-19 00:06:41'),(6,1,'SLC-400-240',1,240,400,'2018-02-19 00:06:41','2018-02-19 00:06:41'),(7,1,'SLC-600-240',1,240,600,'2018-02-19 00:06:41','2018-02-19 00:06:41'),(8,1,'SLC-800-240',1,240,800,'2018-02-19 00:06:41','2018-02-19 00:06:41'),(9,1,'SLC-1000-240',1,240,1000,'2018-02-19 00:06:41','2018-02-19 00:06:41'),(10,1,'SLC-1250-240',1,240,1250,'2018-02-19 00:06:41','2018-02-19 00:06:41'),(11,2,'SLCN-400-600',1,600,400,'2018-02-19 00:06:41','2018-02-19 00:06:41'),(12,2,'SLCN-600-600',1,600,600,'2018-02-19 00:06:41','2018-02-19 00:06:41'),(13,2,'SLCN-800-600',1,600,800,'2018-02-19 00:06:41','2018-02-19 00:06:41'),(14,2,'SLCN-1000-600',1,600,1000,'2018-02-19 00:06:41','2018-02-19 00:06:41'),(15,2,'SLCN-1250-600',1,600,1250,'2018-02-19 00:06:41','2018-02-19 00:06:41'),(16,2,'SLCN-400-240',1,240,400,'2018-02-19 00:06:41','2018-02-19 00:06:41'),(17,2,'SLCN-600-240',1,240,600,'2018-02-19 00:06:41','2018-02-19 00:06:41'),(18,2,'SLCN-800-240',1,240,800,'2018-02-19 00:06:41','2018-02-19 00:06:41'),(19,2,'SLCN-1000-240',1,240,1000,'2018-02-19 00:06:41','2018-02-19 00:06:41'),(20,2,'SLCN-1250-240',1,240,1250,'2018-02-19 00:06:41','2018-02-19 00:06:41'),(21,3,'SLC-400-2',2,600,400,'2018-02-19 00:06:41','2018-02-19 00:06:41'),(22,3,'SLC-400-3',3,600,400,'2018-02-19 00:06:41','2018-02-19 00:06:41'),(23,3,'SLC-630-2',2,600,630,'2018-02-19 00:06:41','2018-02-19 00:06:41'),(24,3,'SLC-630-3',3,600,630,'2018-02-19 00:06:41','2018-02-19 00:06:41'),(25,3,'SLC-800-2',2,600,800,'2018-02-19 00:06:41','2018-02-19 00:06:41'),(26,3,'SLC-800-3',3,600,800,'2018-02-19 00:06:41','2018-02-19 00:06:41'),(27,4,'SLCN-400-2',2,600,400,'2018-02-19 00:06:41','2018-02-19 00:06:41'),(28,4,'SLCN-400-3',3,600,400,'2018-02-19 00:06:41','2018-02-19 00:06:41'),(29,4,'SLCN-630-2',2,600,630,'2018-02-19 00:06:41','2018-02-19 00:06:41'),(30,4,'SLCN-630-3',3,600,630,'2018-02-19 00:06:41','2018-02-19 00:06:41'),(31,4,'SLCN-800-2',2,600,800,'2018-02-19 00:06:41','2018-02-19 00:06:41'),(32,4,'SLCN-800-3',3,600,800,'2018-02-19 00:06:41','2018-02-19 00:06:41'),(33,5,'BCC-400-2',2,600,400,'2018-02-19 00:06:41','2018-02-19 00:06:41'),(34,5,'BCC-400-3',3,600,400,'2018-02-19 00:06:41','2018-02-19 00:06:41'),(35,5,'BCC-630-2',2,600,630,'2018-02-19 00:06:41','2018-02-19 00:06:41'),(36,5,'BCC-630-3',3,600,630,'2018-02-19 00:06:41','2018-02-19 00:06:41'),(37,5,'BCC-800-2',2,600,800,'2018-02-19 00:06:41','2018-02-19 00:06:41'),(38,5,'BCC-800-3',3,600,800,'2018-02-19 00:06:41','2018-02-19 00:06:41'),(39,6,'BCCN-400-2',2,600,400,'2018-02-19 00:06:41','2018-02-19 00:06:41'),(40,6,'BCCN-400-3',3,600,400,'2018-02-19 00:06:41','2018-02-19 00:06:41'),(41,6,'BCCN-630-2',2,600,630,'2018-02-19 00:06:41','2018-02-19 00:06:41'),(42,6,'BCCN-630-3',3,600,630,'2018-02-19 00:06:41','2018-02-19 00:06:41'),(43,6,'BCCN-800-2',2,600,800,'2018-02-19 00:06:41','2018-02-19 00:06:41'),(44,6,'BCCN-800-3',3,600,800,'2018-02-19 00:06:41','2018-02-19 00:06:41'),(45,7,'SLCB-200-220',1,220,200,'2018-02-19 00:06:41','2018-02-19 00:06:41');
/*!40000 ALTER TABLE `cabinet_device` ENABLE KEYS */;
UNLOCK TABLES;

--
-- Table structure for table `cabinet_type`
--

DROP TABLE IF EXISTS `cabinet_type`;
/*!40101 SET @saved_cs_client     = @@character_set_client */;
/*!40101 SET character_set_client = utf8 */;
CREATE TABLE `cabinet_type` (
  `id` int(11) NOT NULL AUTO_INCREMENT,
  `cabinet_type` varchar(255) NOT NULL,
  PRIMARY KEY (`id`)
) ENGINE=InnoDB AUTO_INCREMENT=8 DEFAULT CHARSET=utf8;
/*!40101 SET character_set_client = @saved_cs_client */;

--
-- Dumping data for table `cabinet_type`
--

LOCK TABLES `cabinet_type` WRITE;
/*!40000 ALTER TABLE `cabinet_type` DISABLE KEYS */;
INSERT INTO `cabinet_type` VALUES (1,'两线制控制柜'),(2,'三线制控制柜'),(3,'两线制管理柜'),(4,'三线制管理柜'),(5,'两线制汇流柜'),(6,'三线制汇流柜'),(7,'电力控制箱');
/*!40000 ALTER TABLE `cabinet_type` ENABLE KEYS */;
UNLOCK TABLES;

--
-- Table structure for table `config_result`
--

DROP TABLE IF EXISTS `config_result`;
/*!40101 SET @saved_cs_client     = @@character_set_client */;
/*!40101 SET character_set_client = utf8 */;
CREATE TABLE `config_result` (
  `id` int(11) NOT NULL AUTO_INCREMENT,
  `title` varchar(255) NOT NULL,
  `config_data` text NOT NULL,
  `create_time` timestamp NULL DEFAULT NULL,
  `update_time` timestamp NULL DEFAULT NULL,
  PRIMARY KEY (`id`)
) ENGINE=InnoDB AUTO_INCREMENT=96 DEFAULT CHARSET=utf8;
/*!40101 SET character_set_client = @saved_cs_client */;

--
-- Dumping data for table `config_result`
--

LOCK TABLES `config_result` WRITE;
/*!40000 ALTER TABLE `config_result` DISABLE KEYS */;
INSERT INTO `config_result` VALUES (1,'东江湖项目','{\"5台施耐德 Galaxy7000 电源 3组12V200Ah共660节电池\":[{\"title\":\"采集模块\",\"model\":\"SLSU4-12\",\"number\":165,\"unit\":\"个\",\"remark\":\"四只电池配一个采集模块\"},{\"title\":\"汇流柜\",\"model\":\"BCC-630-3\",\"number\":5,\"unit\":\"台\",\"remark\":\"每台电源配1台\"},{\"title\":\"智能控制柜\",\"model\":\"SLC-1250-600\",\"number\":5,\"unit\":\"台\",\"remark\":\"每台电源配1台\"},{\"title\":\"网关驱动软件\",\"model\":\"SLG-SW-V2.0\",\"number\":5,\"unit\":\"套\",\"remark\":\"每台电源配1套\"}],\"2台艾默生 NXr 电源 3组12V230Ah共240节电池\":[{\"title\":\"采集模块\",\"model\":\"SLSU4-12\",\"number\":60,\"unit\":\"个\",\"remark\":\"四只电池配一个采集模块\"},{\"title\":\"汇流柜\",\"model\":\"BCC-630-3\",\"number\":2,\"unit\":\"台\",\"remark\":\"每台电源配1台\"},{\"title\":\"智能控制柜\",\"model\":\"SLC-1250-600\",\"number\":2,\"unit\":\"台\",\"remark\":\"每台电源配1台\"},{\"title\":\"网关驱动软件\",\"model\":\"SLG-SW-V2.0\",\"number\":2,\"unit\":\"套\",\"remark\":\"每台电源配1套\"}],\"工程安装\":[{\"title\":\"通信柜\",\"model\":\"20U，带PDU、导轨\",\"number\":3,\"unit\":\"台\",\"remark\":\"每个电池房配1台\"},{\"title\":\"交换机\",\"model\":\"\",\"number\":3,\"unit\":\"台\",\"remark\":\"每个电池房配1台\"},{\"title\":\"工程辅料\",\"model\":\"\",\"number\":7,\"unit\":\"套\",\"remark\":\"每台电源配1套，按智能系统的10%进行核算\"},{\"title\":\"线槽\",\"model\":\"W40mm * H30mm\",\"number\":199,\"unit\":\"米\",\"remark\":null}],\"系统平台\":[{\"title\":\"网管平台软件\",\"model\":\"ECO Plus System Software Package\",\"number\":1,\"unit\":\"套\",\"remark\":\"一个项目配一套\"},{\"title\":\"NT服务器\",\"model\":\"6 cores CPU / 8 GB Memery/ 500GB Harddisk *2 RAID1/ 1U\",\"number\":1,\"unit\":\"套\",\"remark\":\"一个项目配一套\"},{\"title\":\"机架式一体机\",\"model\":\"KVM 17\\\" 显示器、键盘、鼠标\",\"number\":1,\"unit\":\"台\",\"remark\":\"一台服务器配一台\"},{\"title\":\"无线Modem\",\"model\":\"ETPro-101Ai/Bi GSM Modem\",\"number\":1,\"unit\":\"台\",\"remark\":\"一台服务器配一台\"}],\"备品\":[{\"title\":\"采集模块\",\"model\":\"SLSU4-12\",\"number\":7,\"unit\":\"个\",\"remark\":\"四只电池配一个采集模块\"}]}','2018-02-23 01:39:14','2018-02-23 01:39:14'),(2,'东莞联通','{\"2台中国联通  电源 2组2V500Ah共96节电池\":[{\"title\":\"采集模块\",\"model\":\"SLSU4-2\",\"number\":24,\"unit\":\"个\",\"remark\":\"四只电池配一个采集模块\"},{\"title\":\"智能网关\",\"model\":\"SLG-GW-48-C102\",\"number\":2,\"unit\":\"台\",\"remark\":\"每台电源配1台\"},{\"title\":\"空调红外控制器\",\"model\":\"\",\"number\":2,\"unit\":\"台\",\"remark\":\"一个站点配一台\"},{\"title\":\"智能电表\",\"model\":\"\",\"number\":2,\"unit\":\"台\",\"remark\":\"广州雅达DTSD3366M-4-W1型三相四回路电能表，一个站点配一台\"},{\"title\":\"网关驱动软件\",\"model\":\"SLG-SW-V2.0\",\"number\":2,\"unit\":\"套\",\"remark\":\"每台电源配1套\"}],\"工程安装\":[{\"title\":\"工程辅料\",\"model\":\"\",\"number\":4,\"unit\":\"套\",\"remark\":\"每台电源配1套，按智能系统的10%进行核算\"},{\"title\":\"线槽\",\"model\":\"W40mm * H30mm\",\"number\":43,\"unit\":\"米\",\"remark\":null}],\"系统平台\":[{\"title\":\"网管平台软件\",\"model\":\"ECO Plus System Software Package\",\"number\":1,\"unit\":\"套\",\"remark\":\"一个项目配一套\"}],\"备品\":[{\"title\":\"采集模块\",\"model\":\"SLSU4-2\",\"number\":1,\"unit\":\"个\",\"remark\":\"四只电池配一个采集模块\"}]}','2018-02-23 01:40:29','2018-02-23 01:40:29'),(3,'越南电力','{\"1 set NTC 200-800 Power 1 banks 2V1000Ah 107 batteries in total\":[{\"title\":\"Acquisition module\",\"model\":\"SLSU4-2\",\"number\":27,\"unit\":\"pc\",\"remark\":\"Each 4 batteries need 1\"},{\"title\":\"Smart Control Cabinet\",\"model\":\"SLC-800-240\",\"number\":1,\"unit\":\"set\",\"remark\":\"Each Power need 1\"},{\"title\":\"Gateway firmwawre\",\"model\":\"SLG-SW-V2.0\",\"number\":1,\"unit\":\"set\",\"remark\":\"Each Power need 1 set\"}],\"2 sets NTC 200-100 Power 2 banks 2V300Ah 428 batteries in total\":[{\"title\":\"Acquisition module\",\"model\":\"SLSU4-2\",\"number\":108,\"unit\":\"pc\",\"remark\":\"Each 4 batteries need 1\"},{\"title\":\"Smart Control Box\",\"model\":\"SLCB-200-220\",\"number\":2,\"unit\":\"set\",\"remark\":\"Each Power need 1\"},{\"title\":\"Smart Leakage Sensor\",\"model\":\"LF-MI11-R2B8-1.0/0 ~±10mA\",\"number\":2,\"unit\":\"pc\",\"remark\":\"Each Power need 1\"},{\"title\":\"Gateway firmwawre\",\"model\":\"SLG-SW-V2.0\",\"number\":2,\"unit\":\"set\",\"remark\":\"Each Power need 1 set\"}],\"Engineering Installation\":[{\"title\":\"Communicate Cabinet\",\"model\":\"20U，with PDU, rail\",\"number\":2,\"unit\":\"set\",\"remark\":\"Each battery room need 1\"},{\"title\":\"Switch\",\"model\":\"\",\"number\":2,\"unit\":\"set\",\"remark\":\"Each battery room need 1\"},{\"title\":\"Engineering materials\",\"model\":\"\",\"number\":3,\"unit\":\"set\",\"remark\":\"Each Power need 1 set，Accounting for 10% of the smart system\"},{\"title\":\"Troughs\",\"model\":\"meter\",\"number\":122,\"unit\":\"W40mm * H30mm\",\"remark\":null}],\"System Platform\":[{\"title\":\"Platform Software\",\"model\":\"ECO Plus System Software Package\",\"number\":1,\"unit\":\"set\",\"remark\":\"Each project need 1 set\"}],\"Backup\":[{\"title\":\"Acquisition module\",\"model\":\"SLSU4-2\",\"number\":5,\"unit\":\"pc\",\"remark\":\"Each 4 batteries need 1\"}]}','2018-02-23 01:43:06','2018-02-23 01:43:06'),(4,'柬埔寨','{\"2台Smart  电源 4组12V150Ah共32节电池\":[{\"title\":\"采集模块\",\"model\":\"SLSU4-12\",\"number\":8,\"unit\":\"个\",\"remark\":\"四只电池配一个采集模块\"},{\"title\":\"智能网关\",\"model\":\"SLG-GW-48-C102\",\"number\":2,\"unit\":\"台\",\"remark\":\"每台电源配1台\"},{\"title\":\"网关驱动软件\",\"model\":\"SLG-SW-V2.0\",\"number\":2,\"unit\":\"套\",\"remark\":\"每台电源配1套\"}],\"工程安装\":[{\"title\":\"工程辅料\",\"model\":\"\",\"number\":2,\"unit\":\"套\",\"remark\":\"每台电源配1套，按智能系统的10%进行核算\"},{\"title\":\"线槽\",\"model\":\"W40mm * H30mm\",\"number\":5,\"unit\":\"米\",\"remark\":null}],\"系统平台\":[{\"title\":\"网管平台软件\",\"model\":\"ECO Plus System Software Package\",\"number\":1,\"unit\":\"套\",\"remark\":\"一个项目配一套\"}],\"备品\":[{\"title\":\"采集模块\",\"model\":\"SLSU4-12\",\"number\":1,\"unit\":\"个\",\"remark\":\"四只电池配一个采集模块\"}]}','2018-02-23 07:31:09','2018-02-23 07:31:09'),(5,'柬埔寨','{\"2台Smart  电源 4组12V150Ah共32节电池\":[{\"title\":\"采集模块\",\"model\":\"SLSU4-12\",\"number\":8,\"unit\":\"个\",\"remark\":\"四只电池配一个采集模块\"},{\"title\":\"智能网关\",\"model\":\"SLG-GW-48-C102\",\"number\":2,\"unit\":\"台\",\"remark\":\"每台电源配1台\"},{\"title\":\"网关驱动软件\",\"model\":\"SLG-SW-V2.0\",\"number\":2,\"unit\":\"套\",\"remark\":\"每台电源配1套\"}],\"工程安装\":[{\"title\":\"工程辅料\",\"model\":\"\",\"number\":2,\"unit\":\"套\",\"remark\":\"每台电源配1套，按智能系统的10%进行核算\"},{\"title\":\"线槽\",\"model\":\"W40mm * H30mm\",\"number\":5,\"unit\":\"米\",\"remark\":null}],\"系统平台\":[{\"title\":\"网管平台软件\",\"model\":\"ECO Plus System Software Package\",\"number\":1,\"unit\":\"套\",\"remark\":\"一个项目配一套\"}],\"备品\":[{\"title\":\"采集模块\",\"model\":\"SLSU4-12\",\"number\":1,\"unit\":\"个\",\"remark\":\"四只电池配一个采集模块\"}]}','2018-02-23 07:31:45','2018-02-23 07:31:45'),(6,'柬埔寨','{\"2台Smart  电源 4组12V150Ah共32节电池\":[{\"title\":\"采集模块\",\"model\":\"SLSU4-12\",\"number\":8,\"unit\":\"个\",\"remark\":\"四只电池配一个采集模块\"},{\"title\":\"智能网关\",\"model\":\"SLG-GW-48-C102\",\"number\":2,\"unit\":\"台\",\"remark\":\"每台电源配1台\"},{\"title\":\"网关驱动软件\",\"model\":\"SLG-SW-V2.0\",\"number\":2,\"unit\":\"套\",\"remark\":\"每台电源配1套\"}],\"工程安装\":[{\"title\":\"工程辅料\",\"model\":\"\",\"number\":2,\"unit\":\"套\",\"remark\":\"每台电源配1套，按智能系统的10%进行核算\"},{\"title\":\"线槽\",\"model\":\"W40mm * H30mm\",\"number\":5,\"unit\":\"米\",\"remark\":null}],\"系统平台\":[{\"title\":\"网管平台软件\",\"model\":\"ECO Plus System Software Package\",\"number\":1,\"unit\":\"套\",\"remark\":\"一个项目配一套\"}],\"备品\":[{\"title\":\"采集模块\",\"model\":\"SLSU4-12\",\"number\":1,\"unit\":\"个\",\"remark\":\"四只电池配一个采集模块\"}]}','2018-02-23 07:32:52','2018-02-23 07:32:52'),(7,'东江湖项目','{\"1台施耐德 Galaxy7000 电源 3组12V200Ah共132节电池\":[{\"title\":\"采集模块\",\"model\":\"SLSU4-12\",\"number\":33,\"unit\":\"个\",\"remark\":\"四只电池配一个采集模块\"},{\"title\":\"汇流柜\",\"model\":\"BCC-630-3\",\"number\":1,\"unit\":\"台\",\"remark\":\"每台电源配1台\"},{\"title\":\"智能控制柜\",\"model\":\"SLC-1250-600\",\"number\":1,\"unit\":\"台\",\"remark\":\"每台电源配1台\"},{\"title\":\"网关驱动软件\",\"model\":\"SLG-SW-V2.0\",\"number\":1,\"unit\":\"套\",\"remark\":\"每台电源配1套\"}],\"工程安装\":[{\"title\":\"通信柜\",\"model\":\"20U，带PDU、导轨\",\"number\":1,\"unit\":\"台\",\"remark\":\"每个电池房配1台\"},{\"title\":\"交换机\",\"model\":\"\",\"number\":1,\"unit\":\"台\",\"remark\":\"每个电池房配1台\"},{\"title\":\"工程辅料\",\"model\":\"\",\"number\":1,\"unit\":\"套\",\"remark\":\"每台电源配1套，按智能系统的10%进行核算\"},{\"title\":\"线槽\",\"model\":\"W40mm * H30mm\",\"number\":30,\"unit\":\"米\",\"remark\":null}],\"系统平台\":[{\"title\":\"网管平台软件\",\"model\":\"ECO Plus System Software Package\",\"number\":1,\"unit\":\"套\",\"remark\":\"一个项目配一套\"}],\"备品\":[{\"title\":\"采集模块\",\"model\":\"SLSU4-12\",\"number\":1,\"unit\":\"个\",\"remark\":\"四只电池配一个采集模块\"}]}','2018-02-23 07:44:22','2018-02-23 07:44:22'),(8,'东江湖项目','{\"1台施耐德 Galaxy7000 电源 3组12V200Ah共132节电池\":[{\"title\":\"采集模块\",\"model\":\"SLSU4-12\",\"number\":33,\"unit\":\"个\",\"remark\":\"四只电池配一个采集模块\"},{\"title\":\"汇流柜\",\"model\":\"BCC-630-3\",\"number\":1,\"unit\":\"台\",\"remark\":\"每台电源配1台\"},{\"title\":\"智能控制柜\",\"model\":\"SLC-1250-600\",\"number\":1,\"unit\":\"台\",\"remark\":\"每台电源配1台\"},{\"title\":\"网关驱动软件\",\"model\":\"SLG-SW-V2.0\",\"number\":1,\"unit\":\"套\",\"remark\":\"每台电源配1套\"}],\"工程安装\":[{\"title\":\"通信柜\",\"model\":\"20U，带PDU、导轨\",\"number\":1,\"unit\":\"台\",\"remark\":\"每个电池房配1台\"},{\"title\":\"交换机\",\"model\":\"\",\"number\":1,\"unit\":\"台\",\"remark\":\"每个电池房配1台\"},{\"title\":\"工程辅料\",\"model\":\"\",\"number\":1,\"unit\":\"套\",\"remark\":\"每台电源配1套，按智能系统的10%进行核算\"},{\"title\":\"线槽\",\"model\":\"W40mm * H30mm\",\"number\":30,\"unit\":\"米\",\"remark\":null}],\"系统平台\":[{\"title\":\"网管平台软件\",\"model\":\"ECO Plus System Software Package\",\"number\":1,\"unit\":\"套\",\"remark\":\"一个项目配一套\"}],\"备品\":[{\"title\":\"采集模块\",\"model\":\"SLSU4-12\",\"number\":1,\"unit\":\"个\",\"remark\":\"四只电池配一个采集模块\"}]}','2018-02-23 07:44:38','2018-02-23 07:44:38'),(9,'东江湖项目','{\"2台施耐德 Galaxy7000 电源 3组12V200Ah共264节电池\":[{\"title\":\"采集模块\",\"model\":\"SLSU4-12\",\"number\":66,\"unit\":\"个\",\"remark\":\"四只电池配一个采集模块\"},{\"title\":\"汇流柜\",\"model\":\"BCC-630-3\",\"number\":2,\"unit\":\"台\",\"remark\":\"每台电源配1台\"},{\"title\":\"智能控制柜\",\"model\":\"SLC-1250-600\",\"number\":2,\"unit\":\"台\",\"remark\":\"每台电源配1台\"},{\"title\":\"网关驱动软件\",\"model\":\"SLG-SW-V2.0\",\"number\":2,\"unit\":\"套\",\"remark\":\"每台电源配1套\"}],\"工程安装\":[{\"title\":\"通信柜\",\"model\":\"20U，带PDU、导轨\",\"number\":1,\"unit\":\"台\",\"remark\":\"每个电池房配1台\"},{\"title\":\"交换机\",\"model\":\"\",\"number\":1,\"unit\":\"台\",\"remark\":\"每个电池房配1台\"},{\"title\":\"工程辅料\",\"model\":\"\",\"number\":2,\"unit\":\"套\",\"remark\":\"每台电源配1套，按智能系统的10%进行核算\"},{\"title\":\"线槽\",\"model\":\"W40mm * H30mm\",\"number\":59,\"unit\":\"米\",\"remark\":null}],\"系统平台\":[{\"title\":\"网管平台软件\",\"model\":\"ECO Plus System Software Package\",\"number\":1,\"unit\":\"套\",\"remark\":\"一个项目配一套\"},{\"title\":\"NT服务器\",\"model\":\"6 cores CPU / 8 GB Memery/ 500GB Harddisk *2 RAID1/ 1U\",\"number\":1,\"unit\":\"套\",\"remark\":\"一个项目配一套\"},{\"title\":\"机架式一体机\",\"model\":\"KVM 17\\\" 显示器、键盘、鼠标\",\"number\":1,\"unit\":\"台\",\"remark\":\"一台服务器配一台\"},{\"title\":\"无线Modem\",\"model\":\"ETPro-101Ai/Bi GSM Modem\",\"number\":1,\"unit\":\"台\",\"remark\":\"一台服务器配一台\"}],\"备品\":[{\"title\":\"采集模块\",\"model\":\"SLSU4-12\",\"number\":2,\"unit\":\"个\",\"remark\":\"四只电池配一个采集模块\"}]}','2018-02-23 08:03:38','2018-02-23 08:03:38'),(10,'柬埔寨','{\"20台Smart  电源 4组12V150Ah共320节电池\":[{\"title\":\"采集模块\",\"model\":\"SLSU4-12\",\"number\":80,\"unit\":\"个\",\"remark\":\"四只电池配一个采集模块\"},{\"title\":\"智能网关\",\"model\":\"SLG-GW-48-C102\",\"number\":20,\"unit\":\"台\",\"remark\":\"每台电源配1台\"},{\"title\":\"网关驱动软件\",\"model\":\"SLG-SW-V2.0\",\"number\":20,\"unit\":\"套\",\"remark\":\"每台电源配1套\"}],\"工程安装\":[{\"title\":\"工程辅料\",\"model\":\"\",\"number\":20,\"unit\":\"套\",\"remark\":\"每台电源配1套，按智能系统的10%进行核算\"},{\"title\":\"线槽\",\"model\":\"W40mm * H30mm\",\"number\":44,\"unit\":\"米\",\"remark\":null}],\"系统平台\":[{\"title\":\"网管平台软件\",\"model\":\"ECO Plus System Software Package\",\"number\":1,\"unit\":\"套\",\"remark\":\"一个项目配一套\"}],\"备品\":[{\"title\":\"采集模块\",\"model\":\"SLSU4-12\",\"number\":3,\"unit\":\"个\",\"remark\":\"四只电池配一个采集模块\"}]}','2018-02-23 08:34:12','2018-02-23 08:34:12'),(11,'对对对','{\"1台C J 电源 3组12V200Ah共132节电池\":[{\"title\":\"采集模块\",\"model\":\"SLSU4-12\",\"number\":33,\"unit\":\"个\",\"remark\":\"四只电池配一个采集模块\"},{\"title\":\"智能管理柜\",\"model\":\"SLCN-630-3\",\"number\":1,\"unit\":\"台\",\"remark\":\"每台电源配1台\"},{\"title\":\"网关驱动软件\",\"model\":\"SLG-SW-V2.0\",\"number\":1,\"unit\":\"套\",\"remark\":\"每台电源配1套\"}],\"工程安装\":[{\"title\":\"通信柜\",\"model\":\"20U，带PDU、导轨\",\"number\":1,\"unit\":\"台\",\"remark\":\"每个电池房配1台\"},{\"title\":\"交换机\",\"model\":\"\",\"number\":1,\"unit\":\"台\",\"remark\":\"每个电池房配1台\"},{\"title\":\"工程辅料\",\"model\":\"\",\"number\":1,\"unit\":\"套\",\"remark\":\"每台电源配1套，按智能系统的10%进行核算\"},{\"title\":\"线槽\",\"model\":\"W40mm * H30mm\",\"number\":30,\"unit\":\"米\",\"remark\":null}],\"系统平台\":[{\"title\":\"网管平台软件\",\"model\":\"ECO Plus System Software Package\",\"number\":1,\"unit\":\"套\",\"remark\":\"一个项目配一套\"},{\"title\":\"NT服务器\",\"model\":\"6 cores CPU / 8 GB Memery/ 500GB Harddisk *2 RAID1/ 1U\",\"number\":1,\"unit\":\"套\",\"remark\":\"一个项目配一套\"},{\"title\":\"机架式一体机\",\"model\":\"KVM 17\\\" 显示器、键盘、鼠标\",\"number\":1,\"unit\":\"台\",\"remark\":\"一台服务器配一台\"},{\"title\":\"无线Modem\",\"model\":\"ETPro-101Ai/Bi GSM Modem\",\"number\":1,\"unit\":\"台\",\"remark\":\"一台服务器配一台\"}],\"备品\":[{\"title\":\"采集模块\",\"model\":\"SLSU4-12\",\"number\":1,\"unit\":\"个\",\"remark\":\"四只电池配一个采集模块\"}]}','2018-02-23 08:43:24','2018-02-23 08:43:24'),(12,'1','{\"1台1 1 电源 1组12V1Ah共1节电池\":[{\"title\":\"采集模块\",\"model\":\"SLSU4-12\",\"number\":1,\"unit\":\"个\",\"remark\":\"四只电池配一个采集模块\"},{\"title\":\"智能霍尔传感器\",\"model\":\"LF-DI12-R2-C32-1.0/0-±1000A\",\"number\":1,\"unit\":\"个\",\"remark\":\"每组电池配1个\"},{\"title\":\"智能电压采集器\",\"model\":\"LF-DV12-R2A1-0.2/0-1000V\",\"number\":1,\"unit\":\"个\",\"remark\":\"每台电源配1个\"},{\"title\":\"漏电流传感器\",\"model\":\"LF-MI11-R2B8-1.0/0 ~±10mA\",\"number\":1,\"unit\":\"个\",\"remark\":\"每台电源配1个\"},{\"title\":\"智能网关\",\"model\":\"SLG-GW-220-C\",\"number\":1,\"unit\":\"台\",\"remark\":\"每台电源配1台\"},{\"title\":\"网关驱动软件\",\"model\":\"SLG-SW-V2.0\",\"number\":1,\"unit\":\"套\",\"remark\":\"每台电源配1套\"}],\"工程安装\":[{\"title\":\"通信柜\",\"model\":\"20U，带PDU、导轨\",\"number\":1,\"unit\":\"台\",\"remark\":\"每个电池房配1台\"},{\"title\":\"交换机\",\"model\":\"\",\"number\":1,\"unit\":\"台\",\"remark\":\"每个电池房配1台\"},{\"title\":\"工程辅料\",\"model\":\"\",\"number\":1,\"unit\":\"套\",\"remark\":\"每台电源配1套，按智能系统的10%进行核算\"},{\"title\":\"线槽\",\"model\":\"W40mm * H30mm\",\"number\":1,\"unit\":\"米\",\"remark\":null}],\"系统平台\":[{\"title\":\"网管平台软件\",\"model\":\"ECO Plus System Software Package\",\"number\":1,\"unit\":\"套\",\"remark\":\"一个项目配一套\"},{\"title\":\"NT服务器\",\"model\":\"6 cores CPU / 8 GB Memery/ 500GB Harddisk *2 RAID1/ 1U\",\"number\":1,\"unit\":\"套\",\"remark\":\"一个项目配一套\"},{\"title\":\"机架式一体机\",\"model\":\"KVM 17\\\" 显示器、键盘、鼠标\",\"number\":1,\"unit\":\"台\",\"remark\":\"一台服务器配一台\"},{\"title\":\"无线Modem\",\"model\":\"ETPro-101Ai/Bi GSM Modem\",\"number\":1,\"unit\":\"台\",\"remark\":\"一台服务器配一台\"}],\"备品\":[{\"title\":\"采集模块\",\"model\":\"SLSU4-12\",\"number\":1,\"unit\":\"个\",\"remark\":\"四只电池配一个采集模块\"}]}','2018-02-23 10:39:52','2018-02-23 10:39:52'),(13,'东江湖项目','{\"1 set 施耐德 Galaxy7000 Power 3 banks 12V200Ah 132 batteries in total\":[{\"title\":\"Acquisition module\",\"model\":\"SLSU4-12\",\"number\":33,\"unit\":\"pc\",\"remark\":\"Each 4 batteries need 1\"},{\"title\":\"Convergence Cabinet\",\"model\":\"BCC-630-3\",\"number\":1,\"unit\":\"set\",\"remark\":\"Each Power need 1\"},{\"title\":\"Smart Control Cabinet\",\"model\":\"SLC-1250-600\",\"number\":1,\"unit\":\"set\",\"remark\":\"Each Power need 1\"},{\"title\":\"Gateway firmwawre\",\"model\":\"SLG-SW-V2.0\",\"number\":1,\"unit\":\"set\",\"remark\":\"Each Power need 1 set\"}],\"Engineering Installation\":[{\"title\":\"Communicate Cabinet\",\"model\":\"20U，with PDU, rail\",\"number\":1,\"unit\":\"set\",\"remark\":\"Each battery room need 1\"},{\"title\":\"Switch\",\"model\":\"\",\"number\":1,\"unit\":\"set\",\"remark\":\"Each battery room need 1\"},{\"title\":\"Engineering materials\",\"model\":\"\",\"number\":1,\"unit\":\"set\",\"remark\":\"Each Power need 1 set，Accounting for 10% of the smart system\"},{\"title\":\"Troughs\",\"model\":\"meter\",\"number\":34,\"unit\":\"W40mm * H30mm\",\"remark\":null}],\"System Platform\":[{\"title\":\"Platform Software\",\"model\":\"ECO Plus System Software Package\",\"number\":1,\"unit\":\"set\",\"remark\":\"Each project need 1 set\"},{\"title\":\"NT Server\",\"model\":\"6 cores CPU / 8 GB Memery/ 500GB Harddisk *2 RAID1/ 1U\",\"number\":1,\"unit\":\"set\",\"remark\":\"Each project need 1 set\"},{\"title\":\"KVM 17\' Computer\",\"model\":\"KVM 17\' monitor, keyboard and mouse\",\"number\":1,\"unit\":\"set\",\"remark\":\"Each server need 1\"},{\"title\":\"GSM Modem\",\"model\":\"ETPro-101Ai/Bi GSM Modem\",\"number\":1,\"unit\":\"set\",\"remark\":\"Each server need 1\"}],\"Backup\":[{\"title\":\"Acquisition module\",\"model\":\"SLSU4-12\",\"number\":1,\"unit\":\"pc\",\"remark\":\"Each 4 batteries need 1\"}]}','2018-02-24 06:20:56','2018-02-24 06:20:56'),(14,'电信基础配置','{\"1台中国移动  电源 2组12V150Ah共8节电池\":[{\"title\":\"采集模块\",\"model\":\"SLSU4-12\",\"number\":2,\"unit\":\"个\",\"remark\":\"四只电池配一个采集模块\"},{\"title\":\"智能网关\",\"model\":\"SLG-GW-48-C102\",\"number\":1,\"unit\":\"台\",\"remark\":\"每台电源配1台\"},{\"title\":\"网关驱动软件\",\"model\":\"SLG-SW-V2.0\",\"number\":1,\"unit\":\"套\",\"remark\":\"每台电源配1套\"}],\"工程安装\":[{\"title\":\"工程辅料\",\"model\":\"\",\"number\":1,\"unit\":\"套\",\"remark\":\"每台电源配1套，按智能系统的10%进行核算\"},{\"title\":\"线槽\",\"model\":\"W40mm * H30mm\",\"number\":2,\"unit\":\"米\",\"remark\":null}],\"系统平台\":[{\"title\":\"网管平台软件\",\"model\":\"ECO Plus System Software Package\",\"number\":1,\"unit\":\"套\",\"remark\":\"一个项目配一套\"}]}','2018-02-24 06:23:46','2018-02-24 06:23:46'),(15,'2','{\"2台2 2 电源 2组12V2Ah共8节电池\":[{\"title\":\"采集模块\",\"model\":\"SLSU4-12\",\"number\":4,\"unit\":\"个\",\"remark\":\"四只电池配一个采集模块\"},{\"title\":\"智能霍尔传感器\",\"model\":\"LF-DI12-R2-C32-1.0/0-±1000A\",\"number\":4,\"unit\":\"个\",\"remark\":\"每组电池配1个\"},{\"title\":\"智能电压采集器\",\"model\":\"LF-DV12-R2A1-0.2/0-1000V\",\"number\":2,\"unit\":\"个\",\"remark\":\"每台电源配1个\"},{\"title\":\"漏电流传感器\",\"model\":\"LF-MI11-R2B8-1.0/0 ~±10mA\",\"number\":2,\"unit\":\"个\",\"remark\":\"每台电源配1个\"},{\"title\":\"智能网关\",\"model\":\"SLG-GW-220-C\",\"number\":2,\"unit\":\"台\",\"remark\":\"每台电源配1台\"},{\"title\":\"网关驱动软件\",\"model\":\"SLG-SW-V2.0\",\"number\":2,\"unit\":\"套\",\"remark\":\"每台电源配1套\"}],\"工程安装\":[{\"title\":\"通信柜\",\"model\":\"20U，带PDU、导轨\",\"number\":1,\"unit\":\"台\",\"remark\":\"每个电池房配1台\"},{\"title\":\"交换机\",\"model\":\"\",\"number\":1,\"unit\":\"台\",\"remark\":\"每个电池房配1台\"},{\"title\":\"工程辅料\",\"model\":\"\",\"number\":2,\"unit\":\"套\",\"remark\":\"每台电源配1套，按智能系统的10%进行核算\"},{\"title\":\"线槽\",\"model\":\"W40mm * H30mm\",\"number\":1,\"unit\":\"米\",\"remark\":null}],\"系统平台\":[{\"title\":\"网管平台软件\",\"model\":\"ECO Plus System Software Package\",\"number\":1,\"unit\":\"套\",\"remark\":\"一个项目配一套\"},{\"title\":\"NT服务器\",\"model\":\"6 cores CPU / 8 GB Memery/ 500GB Harddisk *2 RAID1/ 1U\",\"number\":1,\"unit\":\"套\",\"remark\":\"一个项目配一套\"},{\"title\":\"机架式一体机\",\"model\":\"KVM 17\\\" 显示器、键盘、鼠标\",\"number\":1,\"unit\":\"台\",\"remark\":\"一台服务器配一台\"},{\"title\":\"无线Modem\",\"model\":\"ETPro-101Ai/Bi GSM Modem\",\"number\":1,\"unit\":\"台\",\"remark\":\"一台服务器配一台\"}],\"备品\":[{\"title\":\"采集模块\",\"model\":\"SLSU4-12\",\"number\":1,\"unit\":\"个\",\"remark\":\"四只电池配一个采集模块\"}]}','2018-02-24 06:31:13','2018-02-24 06:31:13'),(16,'22','{\"4台1 1 电源 1组2V500Ah共420节电池\":[{\"title\":\"采集模块\",\"model\":\"SLSU4-2\",\"number\":108,\"unit\":\"个\",\"remark\":\"四只电池配一个采集模块\"},{\"title\":\"智能网关\",\"model\":\"SLG-GW-220\",\"number\":4,\"unit\":\"台\",\"remark\":null},{\"title\":\"智能霍尔传感器\",\"model\":\"LF-DI12-R2C31-1.0/0~±100A\",\"number\":4,\"unit\":\"个\",\"remark\":\"每组电池配1个\"},{\"title\":\"智能电压采集器\",\"model\":\"LF-DV12-R2A1-0.2/0-1000V\",\"number\":4,\"unit\":\"个\",\"remark\":\"每台电源配1个\"},{\"title\":\"网关驱动软件\",\"model\":\"SLG-SW-V2.0\",\"number\":4,\"unit\":\"套\",\"remark\":\"每台电源配1套\"}],\"工程安装\":[{\"title\":\"通信柜\",\"model\":\"20U，带PDU、导轨\",\"number\":3,\"unit\":\"台\",\"remark\":\"每个电池房配1台\"},{\"title\":\"交换机\",\"model\":\"\",\"number\":3,\"unit\":\"台\",\"remark\":\"每个电池房配1台\"},{\"title\":\"工程辅料\",\"model\":\"\",\"number\":4,\"unit\":\"套\",\"remark\":\"每台电源配1套，按智能系统的10%进行核算\"},{\"title\":\"线槽\",\"model\":\"W40mm * H30mm\",\"number\":6,\"unit\":\"米\",\"remark\":null}],\"系统平台\":[{\"title\":\"网管平台软件\",\"model\":\"ECO Plus System Software Package\",\"number\":1,\"unit\":\"套\",\"remark\":\"一个项目配一套\"},{\"title\":\"NT服务器\",\"model\":\"6 cores CPU / 8 GB Memery/ 500GB Harddisk *2 RAID1/ 1U\",\"number\":1,\"unit\":\"套\",\"remark\":\"一个项目配一套\"},{\"title\":\"机架式一体机\",\"model\":\"KVM 17\\\" 显示器、键盘、鼠标\",\"number\":1,\"unit\":\"台\",\"remark\":\"一台服务器配一台\"}]}','2018-02-24 06:34:53','2018-02-24 06:34:53'),(17,'22','{\"4台1 1 电源 1组2V500Ah共420节电池\":[{\"title\":\"采集模块\",\"model\":\"SLSU4-2\",\"number\":108,\"unit\":\"个\",\"remark\":\"四只电池配一个采集模块\"},{\"title\":\"智能网关\",\"model\":\"SLG-GW-220\",\"number\":4,\"unit\":\"台\",\"remark\":null},{\"title\":\"智能霍尔传感器\",\"model\":\"LF-DI12-R2C31-1.0/0~±100A\",\"number\":4,\"unit\":\"个\",\"remark\":\"每组电池配1个\"},{\"title\":\"智能电压采集器\",\"model\":\"LF-DV12-R2A1-0.2/0-1000V\",\"number\":4,\"unit\":\"个\",\"remark\":\"每台电源配1个\"},{\"title\":\"网关驱动软件\",\"model\":\"SLG-SW-V2.0\",\"number\":4,\"unit\":\"套\",\"remark\":\"每台电源配1套\"}],\"工程安装\":[{\"title\":\"通信柜\",\"model\":\"20U，带PDU、导轨\",\"number\":3,\"unit\":\"台\",\"remark\":\"每个电池房配1台\"},{\"title\":\"交换机\",\"model\":\"\",\"number\":3,\"unit\":\"台\",\"remark\":\"每个电池房配1台\"},{\"title\":\"工程辅料\",\"model\":\"\",\"number\":4,\"unit\":\"套\",\"remark\":\"每台电源配1套，按智能系统的10%进行核算\"},{\"title\":\"线槽\",\"model\":\"W40mm * H30mm\",\"number\":6,\"unit\":\"米\",\"remark\":null}],\"系统平台\":[{\"title\":\"网管平台软件\",\"model\":\"ECO Plus System Software Package\",\"number\":1,\"unit\":\"套\",\"remark\":\"一个项目配一套\"},{\"title\":\"NT服务器\",\"model\":\"6 cores CPU / 8 GB Memery/ 500GB Harddisk *2 RAID1/ 1U\",\"number\":1,\"unit\":\"套\",\"remark\":\"一个项目配一套\"},{\"title\":\"机架式一体机\",\"model\":\"KVM 17\\\" 显示器、键盘、鼠标\",\"number\":1,\"unit\":\"台\",\"remark\":\"一台服务器配一台\"}]}','2018-02-24 06:35:00','2018-02-24 06:35:00'),(18,'南宁供电局','{\"2台艾默生 ETK 电源 2组12V200Ah共176节电池\":[{\"title\":\"采集模块\",\"model\":\"SLSU4-12\",\"number\":44,\"unit\":\"个\",\"remark\":\"四只电池配一个采集模块\"},{\"title\":\"智能霍尔传感器\",\"model\":\"LF-DI12-R2-C32-1.0/0-±1000A\",\"number\":4,\"unit\":\"个\",\"remark\":\"每组电池配1个\"},{\"title\":\"智能控制柜\",\"model\":\"SLC-800-600\",\"number\":2,\"unit\":\"台\",\"remark\":\"每台电源配1台\"},{\"title\":\"网关驱动软件\",\"model\":\"SLG-SW-V2.0\",\"number\":2,\"unit\":\"套\",\"remark\":\"每台电源配1套\"}],\"工程安装\":[{\"title\":\"通信柜\",\"model\":\"20U，带PDU、导轨\",\"number\":2,\"unit\":\"台\",\"remark\":\"每个电池房配1台\"},{\"title\":\"交换机\",\"model\":\"\",\"number\":2,\"unit\":\"台\",\"remark\":\"每个电池房配1台\"},{\"title\":\"工程辅料\",\"model\":\"\",\"number\":2,\"unit\":\"套\",\"remark\":\"每台电源配1套，按智能系统的10%进行核算\"},{\"title\":\"线槽\",\"model\":\"W40mm * H30mm\",\"number\":3,\"unit\":\"米\",\"remark\":null}],\"系统平台\":[{\"title\":\"网管平台软件\",\"model\":\"ECO Plus System Software Package\",\"number\":1,\"unit\":\"套\",\"remark\":\"一个项目配一套\"},{\"title\":\"NT服务器\",\"model\":\"6 cores CPU / 8 GB Memery/ 500GB Harddisk *2 RAID1/ 1U\",\"number\":1,\"unit\":\"套\",\"remark\":\"一个项目配一套\"},{\"title\":\"机架式一体机\",\"model\":\"KVM 17\\\" 显示器、键盘、鼠标\",\"number\":1,\"unit\":\"台\",\"remark\":\"一台服务器配一台\"}]}','2018-02-24 06:47:07','2018-02-24 06:47:07'),(19,'深圳供电局','{\"1台艾默生 xx 电源 2组12V200Ah共88节电池\":[{\"title\":\"采集模块\",\"model\":\"SLSU4-12\",\"number\":22,\"unit\":\"个\",\"remark\":\"四只电池配一个采集模块\"},{\"title\":\"智能霍尔传感器\",\"model\":\"LF-DI12-R2-C32-1.0/0-±1000A\",\"number\":2,\"unit\":\"个\",\"remark\":\"每组电池配1个\"},{\"title\":\"智能电压采集器\",\"model\":\"LF-DV12-R2A1-0.2/0-1000V\",\"number\":1,\"unit\":\"个\",\"remark\":\"每台电源配1个\"},{\"title\":\"漏电流传感器\",\"model\":\"LF-MI11-R2B8-1.0/0 ~±10mA\",\"number\":1,\"unit\":\"个\",\"remark\":\"每台电源配1个\"},{\"title\":\"智能网关\",\"model\":\"SLG-GW-220\",\"number\":1,\"unit\":\"台\",\"remark\":\"每台电源配1台\"},{\"title\":\"网关驱动软件\",\"model\":\"SLG-SW-V2.0\",\"number\":1,\"unit\":\"套\",\"remark\":\"每台电源配1套\"}],\"1台华为 yy 电源 2组12V200Ah共88节电池\":[{\"title\":\"采集模块\",\"model\":\"SLSU4-12\",\"number\":22,\"unit\":\"个\",\"remark\":\"四只电池配一个采集模块\"},{\"title\":\"智能霍尔传感器\",\"model\":\"LF-DI12-R2-C32-1.0/0-±1000A\",\"number\":2,\"unit\":\"个\",\"remark\":\"每组电池配1个\"},{\"title\":\"智能电压采集器\",\"model\":\"LF-DV12-R2A1-0.2/0-1000V\",\"number\":1,\"unit\":\"个\",\"remark\":\"每台电源配1个\"},{\"title\":\"漏电流传感器\",\"model\":\"LF-MI11-R2B8-1.0/0 ~±10mA\",\"number\":1,\"unit\":\"个\",\"remark\":\"每台电源配1个\"},{\"title\":\"智能网关\",\"model\":\"SLG-GW-220\",\"number\":1,\"unit\":\"台\",\"remark\":\"每台电源配1台\"},{\"title\":\"网关驱动软件\",\"model\":\"SLG-SW-V2.0\",\"number\":1,\"unit\":\"套\",\"remark\":\"每台电源配1套\"}],\"工程安装\":[{\"title\":\"通信柜\",\"model\":\"20U，带PDU、导轨\",\"number\":2,\"unit\":\"台\",\"remark\":\"每个电池房配1台\"},{\"title\":\"交换机\",\"model\":\"\",\"number\":2,\"unit\":\"台\",\"remark\":\"每个电池房配1台\"},{\"title\":\"工程辅料\",\"model\":\"\",\"number\":2,\"unit\":\"套\",\"remark\":\"每台电源配1套，按智能系统的10%进行核算\"},{\"title\":\"线槽\",\"model\":\"W40mm * H30mm\",\"number\":28,\"unit\":\"米\",\"remark\":null}],\"系统平台\":[{\"title\":\"网管平台软件\",\"model\":\"ECO Plus System Software Package\",\"number\":1,\"unit\":\"套\",\"remark\":\"一个项目配一套\"},{\"title\":\"NT服务器\",\"model\":\"6 cores CPU / 8 GB Memery/ 500GB Harddisk *2 RAID1/ 1U\",\"number\":1,\"unit\":\"套\",\"remark\":\"一个项目配一套\"},{\"title\":\"机架式一体机\",\"model\":\"KVM 17\\\" 显示器、键盘、鼠标\",\"number\":1,\"unit\":\"台\",\"remark\":\"一台服务器配一台\"}],\"备品\":[{\"title\":\"采集模块\",\"model\":\"SLSU4-12\",\"number\":2,\"unit\":\"个\",\"remark\":\"四只电池配一个采集模块\"}]}','2018-02-24 06:50:10','2018-02-24 06:50:10'),(20,'广东联通','{\"10台联通  电源 4组12V150Ah共160节电池\":[{\"title\":\"智能网关\",\"model\":\"SLG-GW-48-C202\",\"number\":10,\"unit\":\"台\",\"remark\":\"每台电源配1台\"},{\"title\":\"网关驱动软件\",\"model\":\"SLG-SW-V2.0\",\"number\":10,\"unit\":\"套\",\"remark\":\"每台电源配1套\"}],\"工程安装\":[{\"title\":\"工程辅料\",\"model\":\"\",\"number\":10,\"unit\":\"套\",\"remark\":\"每台电源配1套，按智能系统的10%进行核算\"},{\"title\":\"线槽\",\"model\":\"W40mm * H30mm\",\"number\":25,\"unit\":\"米\",\"remark\":null}],\"系统平台\":[{\"title\":\"网管平台软件\",\"model\":\"ECO Plus System Software Package\",\"number\":1,\"unit\":\"套\",\"remark\":\"一个项目配一套\"},{\"title\":\"NT服务器\",\"model\":\"6 cores CPU / 8 GB Memery/ 500GB Harddisk *2 RAID1/ 1U\",\"number\":1,\"unit\":\"套\",\"remark\":\"一个项目配一套\"},{\"title\":\"机架式一体机\",\"model\":\"KVM 17\\\" 显示器、键盘、鼠标\",\"number\":1,\"unit\":\"台\",\"remark\":\"一台服务器配一台\"}]}','2018-02-24 06:52:03','2018-02-24 06:52:03'),(21,'东江湖','{\"2台艾默生 500 电源 3组12V200Ah共264节电池\":[{\"title\":\"采集模块\",\"model\":\"SLSU4-12\",\"number\":66,\"unit\":\"个\",\"remark\":\"四只电池配一个采集模块\"},{\"title\":\"汇流柜\",\"model\":\"BCC-630-3\",\"number\":2,\"unit\":\"台\",\"remark\":\"每台电源配1台\"},{\"title\":\"智能控制柜\",\"model\":\"SLC-1250-600\",\"number\":2,\"unit\":\"台\",\"remark\":\"每台电源配1台\"},{\"title\":\"网关驱动软件\",\"model\":\"SLG-SW-V2.0\",\"number\":2,\"unit\":\"套\",\"remark\":\"每台电源配1套\"}],\"工程安装\":[{\"title\":\"通信柜\",\"model\":\"20U，带PDU、导轨\",\"number\":1,\"unit\":\"台\",\"remark\":\"每个电池房配1台\"},{\"title\":\"交换机\",\"model\":\"\",\"number\":1,\"unit\":\"台\",\"remark\":\"每个电池房配1台\"},{\"title\":\"工程辅料\",\"model\":\"\",\"number\":2,\"unit\":\"套\",\"remark\":\"每台电源配1套，按智能系统的10%进行核算\"},{\"title\":\"线槽\",\"model\":\"W40mm * H30mm\",\"number\":59,\"unit\":\"米\",\"remark\":null}],\"系统平台\":[{\"title\":\"网管平台软件\",\"model\":\"ECO Plus System Software Package\",\"number\":1,\"unit\":\"套\",\"remark\":\"一个项目配一套\"},{\"title\":\"NT服务器\",\"model\":\"6 cores CPU / 8 GB Memery/ 500GB Harddisk *2 RAID1/ 1U\",\"number\":1,\"unit\":\"套\",\"remark\":\"一个项目配一套\"},{\"title\":\"机架式一体机\",\"model\":\"KVM 17\\\" 显示器、键盘、鼠标\",\"number\":1,\"unit\":\"台\",\"remark\":\"一台服务器配一台\"},{\"title\":\"无线Modem\",\"model\":\"ETPro-101Ai/Bi GSM Modem\",\"number\":1,\"unit\":\"台\",\"remark\":\"一台服务器配一台\"}],\"备品\":[{\"title\":\"采集模块\",\"model\":\"SLSU4-12\",\"number\":2,\"unit\":\"个\",\"remark\":\"四只电池配一个采集模块\"}]}','2018-02-24 07:44:20','2018-02-24 07:44:20'),(22,'东江湖','{\"2台艾默生 500 电源 3组12V200Ah共264节电池\":[{\"title\":\"采集模块\",\"model\":\"SLSU4-12\",\"number\":66,\"unit\":\"个\",\"remark\":\"四只电池配一个采集模块\"},{\"title\":\"汇流柜\",\"model\":\"BCC-630-3\",\"number\":2,\"unit\":\"台\",\"remark\":\"每台电源配1台\"},{\"title\":\"智能控制柜\",\"model\":\"SLC-1250-600\",\"number\":2,\"unit\":\"台\",\"remark\":\"每台电源配1台\"},{\"title\":\"网关驱动软件\",\"model\":\"SLG-SW-V2.0\",\"number\":2,\"unit\":\"套\",\"remark\":\"每台电源配1套\"}],\"工程安装\":[{\"title\":\"通信柜\",\"model\":\"20U，带PDU、导轨\",\"number\":1,\"unit\":\"台\",\"remark\":\"每个电池房配1台\"},{\"title\":\"交换机\",\"model\":\"\",\"number\":1,\"unit\":\"台\",\"remark\":\"每个电池房配1台\"},{\"title\":\"工程辅料\",\"model\":\"\",\"number\":2,\"unit\":\"套\",\"remark\":\"每台电源配1套，按智能系统的10%进行核算\"},{\"title\":\"线槽\",\"model\":\"W40mm * H30mm\",\"number\":59,\"unit\":\"米\",\"remark\":null}],\"系统平台\":[{\"title\":\"网管平台软件\",\"model\":\"ECO Plus System Software Package\",\"number\":1,\"unit\":\"套\",\"remark\":\"一个项目配一套\"},{\"title\":\"NT服务器\",\"model\":\"6 cores CPU / 8 GB Memery/ 500GB Harddisk *2 RAID1/ 1U\",\"number\":1,\"unit\":\"套\",\"remark\":\"一个项目配一套\"},{\"title\":\"机架式一体机\",\"model\":\"KVM 17\\\" 显示器、键盘、鼠标\",\"number\":1,\"unit\":\"台\",\"remark\":\"一台服务器配一台\"},{\"title\":\"无线Modem\",\"model\":\"ETPro-101Ai/Bi GSM Modem\",\"number\":1,\"unit\":\"台\",\"remark\":\"一台服务器配一台\"}],\"备品\":[{\"title\":\"采集模块\",\"model\":\"SLSU4-12\",\"number\":2,\"unit\":\"个\",\"remark\":\"四只电池配一个采集模块\"}]}','2018-02-24 07:45:08','2018-02-24 07:45:08'),(23,'东江湖','{\"1台艾默生 500 电源 3组12V200Ah共132节电池\":[{\"title\":\"采集模块\",\"model\":\"SLSU4-12\",\"number\":33,\"unit\":\"个\",\"remark\":\"四只电池配一个采集模块\"},{\"title\":\"汇流柜\",\"model\":\"BCC-630-3\",\"number\":1,\"unit\":\"台\",\"remark\":\"每台电源配1台\"},{\"title\":\"智能控制柜\",\"model\":\"SLC-1250-600\",\"number\":1,\"unit\":\"台\",\"remark\":\"每台电源配1台\"},{\"title\":\"网关驱动软件\",\"model\":\"SLG-SW-V2.0\",\"number\":1,\"unit\":\"套\",\"remark\":\"每台电源配1套\"}],\"工程安装\":[{\"title\":\"通信柜\",\"model\":\"20U，带PDU、导轨\",\"number\":1,\"unit\":\"台\",\"remark\":\"每个电池房配1台\"},{\"title\":\"交换机\",\"model\":\"\",\"number\":1,\"unit\":\"台\",\"remark\":\"每个电池房配1台\"},{\"title\":\"工程辅料\",\"model\":\"\",\"number\":1,\"unit\":\"套\",\"remark\":\"每台电源配1套，按智能系统的10%进行核算\"},{\"title\":\"线槽\",\"model\":\"W40mm * H30mm\",\"number\":30,\"unit\":\"米\",\"remark\":null}],\"系统平台\":[{\"title\":\"网管平台软件\",\"model\":\"ECO Plus System Software Package\",\"number\":1,\"unit\":\"套\",\"remark\":\"一个项目配一套\"},{\"title\":\"NT服务器\",\"model\":\"6 cores CPU / 8 GB Memery/ 500GB Harddisk *2 RAID1/ 1U\",\"number\":1,\"unit\":\"套\",\"remark\":\"一个项目配一套\"},{\"title\":\"机架式一体机\",\"model\":\"KVM 17\\\" 显示器、键盘、鼠标\",\"number\":1,\"unit\":\"台\",\"remark\":\"一台服务器配一台\"},{\"title\":\"无线Modem\",\"model\":\"ETPro-101Ai/Bi GSM Modem\",\"number\":1,\"unit\":\"台\",\"remark\":\"一台服务器配一台\"}],\"备品\":[{\"title\":\"采集模块\",\"model\":\"SLSU4-12\",\"number\":1,\"unit\":\"个\",\"remark\":\"四只电池配一个采集模块\"}]}','2018-02-24 07:46:55','2018-02-24 07:46:55'),(25,'东江湖项目','{\"1台施耐德 Galaxy7000 电源 3组12V200Ah共132节电池\":[{\"title\":\"采集模块\",\"model\":\"SLSU4-12\",\"number\":33,\"unit\":\"个\",\"remark\":\"四只电池配一个采集模块\"},{\"title\":\"汇流柜\",\"model\":\"BCC-630-3\",\"number\":1,\"unit\":\"台\",\"remark\":\"每台电源配1台\"},{\"title\":\"智能控制柜\",\"model\":\"SLC-1250-600\",\"number\":1,\"unit\":\"台\",\"remark\":\"每台电源配1台\"},{\"title\":\"网关驱动软件\",\"model\":\"SLG-SW-V2.0\",\"number\":1,\"unit\":\"套\",\"remark\":\"每台电源配1套\"}],\"工程安装\":[{\"title\":\"通信柜\",\"model\":\"20U，带PDU、导轨\",\"number\":1,\"unit\":\"台\",\"remark\":\"每个电池房配1台\"},{\"title\":\"交换机\",\"model\":\"\",\"number\":1,\"unit\":\"台\",\"remark\":\"每个电池房配1台\"},{\"title\":\"工程辅料\",\"model\":\"\",\"number\":1,\"unit\":\"套\",\"remark\":\"每台电源配1套，按智能系统的10%进行核算\"},{\"title\":\"线槽\",\"model\":\"W40mm * H30mm\",\"number\":30,\"unit\":\"米\",\"remark\":null}],\"系统平台\":[{\"title\":\"网管平台软件\",\"model\":\"ECO Plus System Software Package\",\"number\":1,\"unit\":\"套\",\"remark\":\"一个项目配一套\"},{\"title\":\"NT服务器\",\"model\":\"6 cores CPU / 8 GB Memery/ 500GB Harddisk *2 RAID1/ 1U\",\"number\":1,\"unit\":\"套\",\"remark\":\"一个项目配一套\"},{\"title\":\"机架式一体机\",\"model\":\"KVM 17\\\" 显示器、键盘、鼠标\",\"number\":1,\"unit\":\"台\",\"remark\":\"一台服务器配一台\"},{\"title\":\"无线Modem\",\"model\":\"ETPro-101Ai/Bi GSM Modem\",\"number\":1,\"unit\":\"台\",\"remark\":\"一台服务器配一台\"}],\"备品\":[{\"title\":\"采集模块\",\"model\":\"SLSU4-12\",\"number\":1,\"unit\":\"个\",\"remark\":\"四只电池配一个采集模块\"}]}','2018-02-24 09:50:13','2018-02-24 09:50:13'),(26,'东江湖项目','{\"1台施耐德 Galaxy7000 电源 3组12V200Ah共132节电池\":[{\"title\":\"采集模块\",\"model\":\"SLSU4-12\",\"number\":33,\"unit\":\"个\",\"remark\":\"四只电池配一个采集模块\"},{\"title\":\"汇流柜\",\"model\":\"BCC-630-3\",\"number\":1,\"unit\":\"台\",\"remark\":\"每台电源配1台\"},{\"title\":\"智能控制柜\",\"model\":\"SLC-1250-600\",\"number\":1,\"unit\":\"台\",\"remark\":\"每台电源配1台\"},{\"title\":\"网关驱动软件\",\"model\":\"SLG-SW-V2.0\",\"number\":1,\"unit\":\"套\",\"remark\":\"每台电源配1套\"}],\"工程安装\":[{\"title\":\"通信柜\",\"model\":\"20U，带PDU、导轨\",\"number\":1,\"unit\":\"台\",\"remark\":\"每个电池房配1台\"},{\"title\":\"交换机\",\"model\":\"\",\"number\":1,\"unit\":\"台\",\"remark\":\"每个电池房配1台\"},{\"title\":\"工程辅料\",\"model\":\"\",\"number\":1,\"unit\":\"套\",\"remark\":\"每台电源配1套，按智能系统的10%进行核算\"},{\"title\":\"线槽\",\"model\":\"W40mm * H30mm\",\"number\":30,\"unit\":\"米\",\"remark\":null}],\"系统平台\":[{\"title\":\"网管平台软件\",\"model\":\"ECO Plus System Software Package\",\"number\":1,\"unit\":\"套\",\"remark\":\"一个项目配一套\"},{\"title\":\"NT服务器\",\"model\":\"6 cores CPU / 8 GB Memery/ 500GB Harddisk *2 RAID1/ 1U\",\"number\":1,\"unit\":\"套\",\"remark\":\"一个项目配一套\"},{\"title\":\"机架式一体机\",\"model\":\"KVM 17\\\" 显示器、键盘、鼠标\",\"number\":1,\"unit\":\"台\",\"remark\":\"一台服务器配一台\"},{\"title\":\"无线Modem\",\"model\":\"ETPro-101Ai/Bi GSM Modem\",\"number\":1,\"unit\":\"台\",\"remark\":\"一台服务器配一台\"}],\"备品\":[{\"title\":\"采集模块\",\"model\":\"SLSU4-12\",\"number\":1,\"unit\":\"个\",\"remark\":\"四只电池配一个采集模块\"}]}','2018-02-24 09:55:06','2018-02-24 09:55:06'),(27,'东江湖项目','{\"1 set 施耐德 Galaxy7000 Power 3 banks 12V200Ah 132 batteries in total\":[{\"title\":\"Acquisition module\",\"model\":\"SLSU4-12\",\"number\":33,\"unit\":\"pc\",\"remark\":\"Each 4 batteries need 1\"},{\"title\":\"Convergence Cabinet\",\"model\":\"BCC-630-3\",\"number\":1,\"unit\":\"set\",\"remark\":\"Each Power need 1\"},{\"title\":\"Smart Control Cabinet\",\"model\":\"SLC-1250-600\",\"number\":1,\"unit\":\"set\",\"remark\":\"Each Power need 1\"},{\"title\":\"Gateway firmwawre\",\"model\":\"SLG-SW-V2.0\",\"number\":1,\"unit\":\"set\",\"remark\":\"Each Power need 1 set\"}],\"Engineering Installation\":[{\"title\":\"Communicate Cabinet\",\"model\":\"20U，with PDU, rail\",\"number\":1,\"unit\":\"set\",\"remark\":\"Each battery room need 1\"},{\"title\":\"Switch\",\"model\":\"\",\"number\":1,\"unit\":\"set\",\"remark\":\"Each battery room need 1\"},{\"title\":\"Engineering materials\",\"model\":\"\",\"number\":1,\"unit\":\"set\",\"remark\":\"Each Power need 1 set，Accounting for 10% of the smart system\"},{\"title\":\"Troughs\",\"model\":\"W40mm * H30mm\",\"number\":30,\"unit\":\"meter\",\"remark\":null}],\"System Platform\":[{\"title\":\"Platform Software\",\"model\":\"ECO Plus System Software Package\",\"number\":1,\"unit\":\"set\",\"remark\":\"Each project need 1 set\"},{\"title\":\"NT Server\",\"model\":\"6 cores CPU / 8 GB Memery/ 500GB Harddisk *2 RAID1/ 1U\",\"number\":1,\"unit\":\"set\",\"remark\":\"Each project need 1 set\"},{\"title\":\"KVM 17\' Computer\",\"model\":\"KVM 17\' monitor, keyboard and mouse\",\"number\":1,\"unit\":\"set\",\"remark\":\"Each server need 1\"},{\"title\":\"GSM Modem\",\"model\":\"ETPro-101Ai/Bi GSM Modem\",\"number\":1,\"unit\":\"set\",\"remark\":\"Each server need 1\"}],\"Backup\":[{\"title\":\"Acquisition module\",\"model\":\"SLSU4-12\",\"number\":1,\"unit\":\"pc\",\"remark\":\"Each 4 batteries need 1\"}]}','2018-02-24 10:16:11','2018-02-24 10:16:11'),(28,'东江湖项目','{\"1台1 1 电源 1组12V1Ah共1节电池\":[{\"title\":\"采集模块\",\"model\":\"SLSU4-12\",\"number\":1,\"unit\":\"个\",\"remark\":\"四只电池配一个采集模块\"},{\"title\":\"智能管理柜\",\"model\":null,\"number\":1,\"unit\":\"台\",\"remark\":\"每台电源配1台\"},{\"title\":\"网关驱动软件\",\"model\":\"SLG-SW-V2.0\",\"number\":1,\"unit\":\"套\",\"remark\":\"每台电源配1套\"}],\"1台1 1 电源 1组2V1Ah共1节电池\":[{\"title\":\"采集模块\",\"model\":\"SLSU4-2\",\"number\":1,\"unit\":\"个\",\"remark\":\"四只电池配一个采集模块\"},{\"title\":\"智能管理柜\",\"model\":null,\"number\":1,\"unit\":\"台\",\"remark\":\"每台电源配1台\"},{\"title\":\"网关驱动软件\",\"model\":\"SLG-SW-V2.0\",\"number\":1,\"unit\":\"套\",\"remark\":\"每台电源配1套\"}],\"工程安装\":[{\"title\":\"通信柜\",\"model\":\"20U，带PDU、导轨\",\"number\":1,\"unit\":\"台\",\"remark\":\"每个电池房配1台\"},{\"title\":\"交换机\",\"model\":\"\",\"number\":1,\"unit\":\"台\",\"remark\":\"每个电池房配1台\"},{\"title\":\"工程辅料\",\"model\":\"\",\"number\":2,\"unit\":\"套\",\"remark\":\"每台电源配1套，按智能系统的10%进行核算\"},{\"title\":\"线槽\",\"model\":\"W40mm * H30mm\",\"number\":1,\"unit\":\"米\",\"remark\":null}],\"系统平台\":[{\"title\":\"网管平台软件\",\"model\":\"ECO Plus System Software Package\",\"number\":1,\"unit\":\"套\",\"remark\":\"一个项目配一套\"},{\"title\":\"NT服务器\",\"model\":\"6 cores CPU / 8 GB Memery/ 500GB Harddisk *2 RAID1/ 1U\",\"number\":1,\"unit\":\"套\",\"remark\":\"一个项目配一套\"},{\"title\":\"机架式一体机\",\"model\":\"KVM 17\\\" 显示器、键盘、鼠标\",\"number\":1,\"unit\":\"台\",\"remark\":\"一台服务器配一台\"},{\"title\":\"无线Modem\",\"model\":\"ETPro-101Ai/Bi GSM Modem\",\"number\":1,\"unit\":\"台\",\"remark\":\"一台服务器配一台\"}],\"备品\":[{\"title\":\"采集模块\",\"model\":\"SLSU4-12\",\"number\":1,\"unit\":\"个\",\"remark\":\"四只电池配一个采集模块\"},{\"title\":\"采集模块\",\"model\":\"SLSU4-2\",\"number\":1,\"unit\":\"个\",\"remark\":\"四只电池配一个采集模块\"}]}','2018-02-24 13:48:54','2018-02-24 13:48:54'),(29,'南宁供电局','{\"2台XXX XXX 电源 3组12V200Ah共192节电池\":[{\"title\":\"采集模块\",\"model\":\"SLSU4-12\",\"number\":48,\"unit\":\"个\",\"remark\":\"四只电池配一个采集模块\"},{\"title\":\"智能霍尔传感器\",\"model\":\"LF-DI12-R2-C32-1.0/0-±1000A\",\"number\":6,\"unit\":\"个\",\"remark\":\"每组电池配1个\"},{\"title\":\"智能控制柜\",\"model\":\"SLC-400-600\",\"number\":2,\"unit\":\"台\",\"remark\":\"每台电源配1台\"},{\"title\":\"网关驱动软件\",\"model\":\"SLG-SW-V2.0\",\"number\":2,\"unit\":\"套\",\"remark\":\"每台电源配1套\"}],\"工程安装\":[{\"title\":\"通信柜\",\"model\":\"20U，带PDU、导轨\",\"number\":1,\"unit\":\"台\",\"remark\":\"每个电池房配1台\"},{\"title\":\"交换机\",\"model\":\"\",\"number\":1,\"unit\":\"台\",\"remark\":\"每个电池房配1台\"},{\"title\":\"工程辅料\",\"model\":\"\",\"number\":2,\"unit\":\"套\",\"remark\":\"每台电源配1套，按智能系统的10%进行核算\"},{\"title\":\"线槽\",\"model\":\"W40mm * H30mm\",\"number\":51,\"unit\":\"米\",\"remark\":null}],\"系统平台\":[{\"title\":\"网管平台软件\",\"model\":\"ECO Plus System Software Package\",\"number\":1,\"unit\":\"套\",\"remark\":\"一个项目配一套\"}],\"备品\":[{\"title\":\"采集模块\",\"model\":\"SLSU4-12\",\"number\":2,\"unit\":\"个\",\"remark\":\"四只电池配一个采集模块\"}]}','2018-02-25 03:01:38','2018-02-25 03:01:38'),(30,'东江湖2期','{\"12台艾默生 5000 电源 12组12V200Ah共6336节电池\":[{\"title\":\"采集模块\",\"model\":\"SLSU4-12\",\"number\":1584,\"unit\":\"个\",\"remark\":\"四只电池配一个采集模块\"},{\"title\":\"汇流柜\",\"model\":null,\"number\":12,\"unit\":\"台\",\"remark\":\"每台电源配1台\"},{\"title\":\"智能控制柜\",\"model\":\"SLC-1250-600\",\"number\":12,\"unit\":\"台\",\"remark\":\"每台电源配1台\"},{\"title\":\"网关驱动软件\",\"model\":\"SLG-SW-V2.0\",\"number\":12,\"unit\":\"套\",\"remark\":\"每台电源配1套\"}],\"工程安装\":[{\"title\":\"通信柜\",\"model\":\"20U，带PDU、导轨\",\"number\":2,\"unit\":\"台\",\"remark\":\"每个电池房配1台\"},{\"title\":\"交换机\",\"model\":\"\",\"number\":2,\"unit\":\"台\",\"remark\":\"每个电池房配1台\"},{\"title\":\"工程辅料\",\"model\":\"\",\"number\":12,\"unit\":\"套\",\"remark\":\"每台电源配1套，按智能系统的10%进行核算\"},{\"title\":\"线槽\",\"model\":\"W40mm * H30mm\",\"number\":140,\"unit\":\"米\",\"remark\":null}],\"系统平台\":[{\"title\":\"网管平台软件\",\"model\":\"ECO Plus System Software Package\",\"number\":1,\"unit\":\"套\",\"remark\":\"一个项目配一套\"},{\"title\":\"NT服务器\",\"model\":\"6 cores CPU / 8 GB Memery/ 500GB Harddisk *2 RAID1/ 1U\",\"number\":1,\"unit\":\"套\",\"remark\":\"一个项目配一套\"},{\"title\":\"机架式一体机\",\"model\":\"KVM 17\\\" 显示器、键盘、鼠标\",\"number\":1,\"unit\":\"台\",\"remark\":\"一台服务器配一台\"}],\"备品\":[{\"title\":\"采集模块\",\"model\":\"SLSU4-12\",\"number\":48,\"unit\":\"个\",\"remark\":\"四只电池配一个采集模块\"}]}','2018-02-26 00:54:46','2018-02-26 00:54:46'),(31,'老挝电信','{\"300 sets Viettel  Power 2 banks 12V150Ah 2400 batteries in total\":[{\"title\":\"Acquisition module\",\"model\":\"SLSU4-12\",\"number\":600,\"unit\":\"pc\",\"remark\":\"Each 4 batteries need 1\"},{\"title\":\"Smart Gateway\",\"model\":\"SLG-GW-48-C102\",\"number\":300,\"unit\":\"set\",\"remark\":\"Each Power need 1\"},{\"title\":\"Air conditioning infrared controller\",\"model\":\"\",\"number\":300,\"unit\":\"set\",\"remark\":\"Each site need 1\"},{\"title\":\"Smart Electric Meter\",\"model\":\"\",\"number\":300,\"unit\":\"set\",\"remark\":\"DTSD3366M-4-W1，Each site need 1\"},{\"title\":\"Gateway firmwawre\",\"model\":\"SLG-SW-V2.0\",\"number\":300,\"unit\":\"set\",\"remark\":\"Each Power need 1 set\"}],\"Engineering Installation\":[{\"title\":\"Engineering materials\",\"model\":\"\",\"number\":300,\"unit\":\"set\",\"remark\":\"Each Power need 1 set，Accounting for 10% of the smart system\"},{\"title\":\"Troughs\",\"model\":\"W40mm * H30mm\",\"number\":291,\"unit\":\"meter\",\"remark\":null}],\"System Platform\":[{\"title\":\"Platform Software\",\"model\":\"ECO Plus System Software Package\",\"number\":1,\"unit\":\"set\",\"remark\":\"Each project need 1 set\"},{\"title\":\"NT Server\",\"model\":\"6 cores CPU / 8 GB Memery/ 500GB Harddisk *2 RAID1/ 1U\",\"number\":1,\"unit\":\"set\",\"remark\":\"Each project need 1 set\"},{\"title\":\"KVM 17\' Computer\",\"model\":\"KVM 17\' monitor, keyboard and mouse\",\"number\":1,\"unit\":\"set\",\"remark\":\"Each server need 1\"},{\"title\":\"GSM Modem\",\"model\":\"ETPro-101Ai/Bi GSM Modem\",\"number\":1,\"unit\":\"set\",\"remark\":\"Each server need 1\"}],\"Backup\":[{\"title\":\"Acquisition module\",\"model\":\"SLSU4-12\",\"number\":18,\"unit\":\"pc\",\"remark\":\"Each 4 batteries need 1\"}]}','2018-02-26 01:10:24','2018-02-26 01:10:24'),(32,'老挝电信','{\"300 sets Viettel  Power 2 banks 12V150Ah 2400 batteries in total\":[{\"title\":\"Acquisition module\",\"model\":\"SLSU4-12\",\"number\":600,\"unit\":\"pc\",\"remark\":\"Each 4 batteries need 1\"},{\"title\":\"Smart Gateway\",\"model\":\"SLG-GW-48-C102\",\"number\":300,\"unit\":\"set\",\"remark\":\"Each Power need 1\"},{\"title\":\"Air conditioning infrared controller\",\"model\":\"\",\"number\":300,\"unit\":\"set\",\"remark\":\"Each site need 1\"},{\"title\":\"Smart Electric Meter\",\"model\":\"\",\"number\":300,\"unit\":\"set\",\"remark\":\"DTSD3366M-4-W1，Each site need 1\"},{\"title\":\"Gateway firmwawre\",\"model\":\"SLG-SW-V2.0\",\"number\":300,\"unit\":\"set\",\"remark\":\"Each Power need 1 set\"}],\"Engineering Installation\":[{\"title\":\"Engineering materials\",\"model\":\"\",\"number\":300,\"unit\":\"set\",\"remark\":\"Each Power need 1 set，Accounting for 10% of the smart system\"},{\"title\":\"Troughs\",\"model\":\"W40mm * H30mm\",\"number\":291,\"unit\":\"meter\",\"remark\":null}],\"System Platform\":[{\"title\":\"Platform Software\",\"model\":\"ECO Plus System Software Package\",\"number\":1,\"unit\":\"set\",\"remark\":\"Each project need 1 set\"},{\"title\":\"NT Server\",\"model\":\"6 cores CPU / 8 GB Memery/ 500GB Harddisk *2 RAID1/ 1U\",\"number\":1,\"unit\":\"set\",\"remark\":\"Each project need 1 set\"},{\"title\":\"KVM 17\' Computer\",\"model\":\"KVM 17\' monitor, keyboard and mouse\",\"number\":1,\"unit\":\"set\",\"remark\":\"Each server need 1\"},{\"title\":\"GSM Modem\",\"model\":\"ETPro-101Ai/Bi GSM Modem\",\"number\":1,\"unit\":\"set\",\"remark\":\"Each server need 1\"}],\"Backup\":[{\"title\":\"Acquisition module\",\"model\":\"SLSU4-12\",\"number\":18,\"unit\":\"pc\",\"remark\":\"Each 4 batteries need 1\"}]}','2018-02-26 01:18:02','2018-02-26 01:18:02'),(33,'老挝电信项目','{\"200 sets Viettel  Power 2 banks 12V150Ah 1600 batteries in total\":[{\"title\":\"Acquisition module\",\"model\":\"SLSU4-12\",\"number\":400,\"unit\":\"pc\",\"remark\":\"Each 4 batteries need 1\"},{\"title\":\"Smart Gateway\",\"model\":\"SLG-GW-48-C102\",\"number\":200,\"unit\":\"set\",\"remark\":\"Each Power need 1\"},{\"title\":\"Air conditioning infrared controller\",\"model\":\"\",\"number\":200,\"unit\":\"set\",\"remark\":\"Each site need 1\"},{\"title\":\"Smart Electric Meter\",\"model\":\"\",\"number\":200,\"unit\":\"set\",\"remark\":\"DTSD3366M-4-W1，Each site need 1\"},{\"title\":\"Gateway firmwawre\",\"model\":\"SLG-SW-V2.0\",\"number\":200,\"unit\":\"set\",\"remark\":\"Each Power need 1 set\"}],\"Engineering Installation\":[{\"title\":\"Engineering materials\",\"model\":\"\",\"number\":200,\"unit\":\"set\",\"remark\":\"Each Power need 1 set，Accounting for 10% of the smart system\"},{\"title\":\"Troughs\",\"model\":\"W40mm * H30mm\",\"number\":198,\"unit\":\"meter\",\"remark\":null}],\"System Platform\":[{\"title\":\"Platform Software\",\"model\":\"ECO Plus System Software Package\",\"number\":1,\"unit\":\"set\",\"remark\":\"Each project need 1 set\"},{\"title\":\"NT Server\",\"model\":\"6 cores CPU / 8 GB Memery/ 500GB Harddisk *2 RAID1/ 1U\",\"number\":1,\"unit\":\"set\",\"remark\":\"Each project need 1 set\"},{\"title\":\"KVM 17\' Computer\",\"model\":\"KVM 17\' monitor, keyboard and mouse\",\"number\":1,\"unit\":\"set\",\"remark\":\"Each server need 1\"},{\"title\":\"GSM Modem\",\"model\":\"ETPro-101Ai/Bi GSM Modem\",\"number\":1,\"unit\":\"set\",\"remark\":\"Each server need 1\"}],\"Backup\":[{\"title\":\"Acquisition module\",\"model\":\"SLSU4-12\",\"number\":12,\"unit\":\"pc\",\"remark\":\"Each 4 batteries need 1\"}]}','2018-02-26 01:48:12','2018-02-26 01:48:12'),(34,'测试--朱宁','{\"1台施耐德 测试型号 电源 3组2V150Ah共432节电池\":[{\"title\":\"采集模块\",\"model\":\"SLSU4-2\",\"number\":108,\"unit\":\"个\",\"remark\":\"四只电池配一个采集模块\"},{\"title\":\"智能管理柜\",\"model\":null,\"number\":1,\"unit\":\"台\",\"remark\":\"每台电源配1台\"},{\"title\":\"网关驱动软件\",\"model\":\"SLG-SW-V2.0\",\"number\":1,\"unit\":\"套\",\"remark\":\"每台电源配1套\"}],\"工程安装\":[{\"title\":\"通信柜\",\"model\":\"20U，带PDU、导轨\",\"number\":1,\"unit\":\"台\",\"remark\":\"每个电池房配1台\"},{\"title\":\"交换机\",\"model\":\"\",\"number\":1,\"unit\":\"台\",\"remark\":\"每个电池房配1台\"},{\"title\":\"工程辅料\",\"model\":\"\",\"number\":1,\"unit\":\"套\",\"remark\":\"每台电源配1套，按智能系统的10%进行核算\"},{\"title\":\"线槽\",\"model\":\"W40mm * H30mm\",\"number\":143,\"unit\":\"米\",\"remark\":null}],\"系统平台\":[{\"title\":\"网管平台软件\",\"model\":\"ECO Plus System Software Package\",\"number\":1,\"unit\":\"套\",\"remark\":\"一个项目配一套\"},{\"title\":\"NT服务器\",\"model\":\"6 cores CPU / 8 GB Memery/ 500GB Harddisk *2 RAID1/ 1U\",\"number\":1,\"unit\":\"套\",\"remark\":\"一个项目配一套\"},{\"title\":\"机架式一体机\",\"model\":\"KVM 17\\\" 显示器、键盘、鼠标\",\"number\":1,\"unit\":\"台\",\"remark\":\"一台服务器配一台\"},{\"title\":\"无线Modem\",\"model\":\"ETPro-101Ai/Bi GSM Modem\",\"number\":1,\"unit\":\"台\",\"remark\":\"一台服务器配一台\"}],\"备品\":[{\"title\":\"采集模块\",\"model\":\"SLSU4-2\",\"number\":4,\"unit\":\"个\",\"remark\":\"四只电池配一个采集模块\"}]}','2018-02-26 01:56:58','2018-02-26 01:56:58'),(35,'菲律宾','{\"3 sets 施耐德 G7000 Power 3 banks 12V200Ah 378 batteries in total\":[{\"title\":\"Acquisition module\",\"model\":\"SLSU4-12\",\"number\":99,\"unit\":\"pc\",\"remark\":\"Each 4 batteries need 1\"},{\"title\":\"Smart Hall Sensor\",\"model\":\"LF-DI12-R2-C32-1.0/0-±1000A\",\"number\":9,\"unit\":\"pc\",\"remark\":\"Each bank battery need 1\"},{\"title\":\"Smart Voltage Collector\",\"model\":\"LF-DV12-R2A1-0.2/0-1000V\",\"number\":3,\"unit\":\"pc\",\"remark\":\"Each Power need 1\"},{\"title\":\"Smart Leakage Sensor\",\"model\":\"LF-MI11-R2B8-1.0/0 ~±10mA\",\"number\":3,\"unit\":\"pc\",\"remark\":\"Each Power need 1\"},{\"title\":\"Smart Gateway\",\"model\":\"SLG-GW-220-C\",\"number\":3,\"unit\":\"set\",\"remark\":\"Each Power need 1\"},{\"title\":\"Gateway firmwawre\",\"model\":\"SLG-SW-V2.0\",\"number\":3,\"unit\":\"set\",\"remark\":\"Each Power need 1 set\"}],\"Engineering Installation\":[{\"title\":\"Communicate Cabinet\",\"model\":\"20U，with PDU, rail\",\"number\":1,\"unit\":\"set\",\"remark\":\"Each battery room need 1\"},{\"title\":\"Switch\",\"model\":\"\",\"number\":1,\"unit\":\"set\",\"remark\":\"Each battery room need 1\"},{\"title\":\"Engineering materials\",\"model\":\"\",\"number\":3,\"unit\":\"set\",\"remark\":\"Each Power need 1 set，Accounting for 10% of the smart system\"},{\"title\":\"Troughs\",\"model\":\"W40mm * H30mm\",\"number\":87,\"unit\":\"meter\",\"remark\":null}],\"System Platform\":[{\"title\":\"Platform Software\",\"model\":\"ECO Plus System Software Package\",\"number\":1,\"unit\":\"set\",\"remark\":\"Each project need 1 set\"},{\"title\":\"NT Server\",\"model\":\"6 cores CPU / 8 GB Memery/ 500GB Harddisk *2 RAID1/ 1U\",\"number\":1,\"unit\":\"set\",\"remark\":\"Each project need 1 set\"},{\"title\":\"KVM 17\' Computer\",\"model\":\"KVM 17\' monitor, keyboard and mouse\",\"number\":1,\"unit\":\"set\",\"remark\":\"Each server need 1\"},{\"title\":\"GSM Modem\",\"model\":\"ETPro-101Ai/Bi GSM Modem\",\"number\":1,\"unit\":\"set\",\"remark\":\"Each server need 1\"}],\"Backup\":[{\"title\":\"Acquisition module\",\"model\":\"SLSU4-12\",\"number\":3,\"unit\":\"pc\",\"remark\":\"Each 4 batteries need 1\"}]}','2018-02-26 02:00:08','2018-02-26 02:00:08'),(36,'印尼SIGIMA','{\"2 sets 艾默生 SG Power 2 banks 12V200Ah 160 batteries in total\":[{\"title\":\"Acquisition module\",\"model\":\"SLSU4-12\",\"number\":40,\"unit\":\"pc\",\"remark\":\"Each 4 batteries need 1\"},{\"title\":\"Convergence Cabinet\",\"model\":\"BCC-800-2\",\"number\":2,\"unit\":\"set\",\"remark\":\"Each Power need 1\"},{\"title\":\"Smart Control Cabinet\",\"model\":\"SLC-800-600\",\"number\":2,\"unit\":\"set\",\"remark\":\"Each Power need 1\"},{\"title\":\"Gateway firmwawre\",\"model\":\"SLG-SW-V2.0\",\"number\":2,\"unit\":\"set\",\"remark\":\"Each Power need 1 set\"}],\"Engineering Installation\":[{\"title\":\"Communicate Cabinet\",\"model\":\"20U，with PDU, rail\",\"number\":1,\"unit\":\"set\",\"remark\":\"Each battery room need 1\"},{\"title\":\"Switch\",\"model\":\"\",\"number\":1,\"unit\":\"set\",\"remark\":\"Each battery room need 1\"},{\"title\":\"Engineering materials\",\"model\":\"\",\"number\":2,\"unit\":\"set\",\"remark\":\"Each Power need 1 set，Accounting for 10% of the smart system\"},{\"title\":\"Troughs\",\"model\":\"W40mm * H30mm\",\"number\":37,\"unit\":\"meter\",\"remark\":null}],\"System Platform\":[{\"title\":\"Platform Software\",\"model\":\"ECO Plus System Software Package\",\"number\":1,\"unit\":\"set\",\"remark\":\"Each project need 1 set\"},{\"title\":\"NT Server\",\"model\":\"6 cores CPU / 8 GB Memery/ 500GB Harddisk *2 RAID1/ 1U\",\"number\":1,\"unit\":\"set\",\"remark\":\"Each project need 1 set\"},{\"title\":\"KVM 17\' Computer\",\"model\":\"KVM 17\' monitor, keyboard and mouse\",\"number\":1,\"unit\":\"set\",\"remark\":\"Each server need 1\"},{\"title\":\"GSM Modem\",\"model\":\"ETPro-101Ai/Bi GSM Modem\",\"number\":1,\"unit\":\"set\",\"remark\":\"Each server need 1\"}],\"Backup\":[{\"title\":\"Acquisition module\",\"model\":\"SLSU4-12\",\"number\":2,\"unit\":\"pc\",\"remark\":\"Each 4 batteries need 1\"}]}','2018-02-26 02:05:53','2018-02-26 02:05:53'),(37,'承德3期','{\"40台艾默生 SHR 电源 3组12V200Ah共5040节电池\":[{\"title\":\"采集模块\",\"model\":\"SLSU4-12\",\"number\":1320,\"unit\":\"个\",\"remark\":\"四只电池配一个采集模块\"},{\"title\":\"汇流柜\",\"model\":\"BCC-630-3\",\"number\":40,\"unit\":\"台\",\"remark\":\"每台电源配1台\"},{\"title\":\"智能控制柜\",\"model\":\"SLC-1250-600\",\"number\":40,\"unit\":\"台\",\"remark\":\"每台电源配1台\"},{\"title\":\"网关驱动软件\",\"model\":\"SLG-SW-V2.0\",\"number\":40,\"unit\":\"套\",\"remark\":\"每台电源配1套\"}],\"工程安装\":[{\"title\":\"通信柜\",\"model\":\"20U，带PDU、导轨\",\"number\":4,\"unit\":\"台\",\"remark\":\"每个电池房配1台\"},{\"title\":\"交换机\",\"model\":\"\",\"number\":4,\"unit\":\"台\",\"remark\":\"每个电池房配1台\"},{\"title\":\"工程辅料\",\"model\":\"\",\"number\":40,\"unit\":\"套\",\"remark\":\"每台电源配1套，按智能系统的10%进行核算\"},{\"title\":\"线槽\",\"model\":\"W40mm * H30mm\",\"number\":1154,\"unit\":\"米\",\"remark\":null}],\"系统平台\":[{\"title\":\"网管平台软件\",\"model\":\"ECO Plus System Software Package\",\"number\":1,\"unit\":\"套\",\"remark\":\"一个项目配一套\"},{\"title\":\"NT服务器\",\"model\":\"6 cores CPU / 8 GB Memery/ 500GB Harddisk *2 RAID1/ 1U\",\"number\":1,\"unit\":\"套\",\"remark\":\"一个项目配一套\"},{\"title\":\"机架式一体机\",\"model\":\"KVM 17\\\" 显示器、键盘、鼠标\",\"number\":1,\"unit\":\"台\",\"remark\":\"一台服务器配一台\"},{\"title\":\"无线Modem\",\"model\":\"ETPro-101Ai/Bi GSM Modem\",\"number\":1,\"unit\":\"台\",\"remark\":\"一台服务器配一台\"}],\"备品\":[{\"title\":\"采集模块\",\"model\":\"SLSU4-12\",\"number\":40,\"unit\":\"个\",\"remark\":\"四只电池配一个采集模块\"}]}','2018-02-26 02:13:55','2018-02-26 02:13:55'),(38,'四川电力','{\"4台伊斯特 34 电源 2组2V500Ah共880节电池\":[{\"title\":\"采集模块\",\"model\":\"SLSU4-2\",\"number\":224,\"unit\":\"个\",\"remark\":\"四只电池配一个采集模块\"},{\"title\":\"智能控制柜\",\"model\":\"SLC-400-240\",\"number\":4,\"unit\":\"台\",\"remark\":\"每台电源配1台\"},{\"title\":\"漏电流传感器\",\"model\":\"LF-MI11-R2B8-1.0/0 ~±10mA\",\"number\":4,\"unit\":\"个\",\"remark\":\"每台电源配1个\"},{\"title\":\"网关驱动软件\",\"model\":\"SLG-SW-V2.0\",\"number\":4,\"unit\":\"套\",\"remark\":\"每台电源配1套\"}],\"工程安装\":[{\"title\":\"通信柜\",\"model\":\"20U，带PDU、导轨\",\"number\":1,\"unit\":\"台\",\"remark\":\"每个电池房配1台\"},{\"title\":\"交换机\",\"model\":\"\",\"number\":1,\"unit\":\"台\",\"remark\":\"每个电池房配1台\"},{\"title\":\"工程辅料\",\"model\":\"\",\"number\":4,\"unit\":\"套\",\"remark\":\"每台电源配1套，按智能系统的10%进行核算\"},{\"title\":\"线槽\",\"model\":\"W40mm * H30mm\",\"number\":194,\"unit\":\"米\",\"remark\":null}],\"系统平台\":[{\"title\":\"网管平台软件\",\"model\":\"ECO Plus System Software Package\",\"number\":1,\"unit\":\"套\",\"remark\":\"一个项目配一套\"},{\"title\":\"NT服务器\",\"model\":\"6 cores CPU / 8 GB Memery/ 500GB Harddisk *2 RAID1/ 1U\",\"number\":1,\"unit\":\"套\",\"remark\":\"一个项目配一套\"},{\"title\":\"机架式一体机\",\"model\":\"KVM 17\\\" 显示器、键盘、鼠标\",\"number\":1,\"unit\":\"台\",\"remark\":\"一台服务器配一台\"},{\"title\":\"无线Modem\",\"model\":\"ETPro-101Ai/Bi GSM Modem\",\"number\":1,\"unit\":\"台\",\"remark\":\"一台服务器配一台\"}],\"备品\":[{\"title\":\"采集模块\",\"model\":\"SLSU4-2\",\"number\":7,\"unit\":\"个\",\"remark\":\"四只电池配一个采集模块\"}]}','2018-02-26 02:21:08','2018-02-26 02:21:08'),(39,'深圳','{\"2台科华 330 电源 2组12V200Ah共168节电池\":[{\"title\":\"采集模块\",\"model\":\"SLSU4-12\",\"number\":44,\"unit\":\"个\",\"remark\":\"四只电池配一个采集模块\"},{\"title\":\"智能管理柜\",\"model\":\"SLCN-800-2\",\"number\":2,\"unit\":\"台\",\"remark\":\"每台电源配1台\"},{\"title\":\"网关驱动软件\",\"model\":\"SLG-SW-V2.0\",\"number\":2,\"unit\":\"套\",\"remark\":\"每台电源配1套\"}],\"工程安装\":[{\"title\":\"通信柜\",\"model\":\"20U，带PDU、导轨\",\"number\":1,\"unit\":\"台\",\"remark\":\"每个电池房配1台\"},{\"title\":\"交换机\",\"model\":\"\",\"number\":1,\"unit\":\"台\",\"remark\":\"每个电池房配1台\"},{\"title\":\"工程辅料\",\"model\":\"\",\"number\":2,\"unit\":\"套\",\"remark\":\"每台电源配1套，按智能系统的10%进行核算\"},{\"title\":\"线槽\",\"model\":\"W40mm * H30mm\",\"number\":39,\"unit\":\"米\",\"remark\":null}],\"系统平台\":[{\"title\":\"网管平台软件\",\"model\":\"ECO Plus System Software Package\",\"number\":1,\"unit\":\"套\",\"remark\":\"一个项目配一套\"},{\"title\":\"NT服务器\",\"model\":\"6 cores CPU / 8 GB Memery/ 500GB Harddisk *2 RAID1/ 1U\",\"number\":1,\"unit\":\"套\",\"remark\":\"一个项目配一套\"},{\"title\":\"机架式一体机\",\"model\":\"KVM 17\\\" 显示器、键盘、鼠标\",\"number\":1,\"unit\":\"台\",\"remark\":\"一台服务器配一台\"},{\"title\":\"无线Modem\",\"model\":\"ETPro-101Ai/Bi GSM Modem\",\"number\":1,\"unit\":\"台\",\"remark\":\"一台服务器配一台\"}],\"备品\":[{\"title\":\"采集模块\",\"model\":\"SLSU4-12\",\"number\":2,\"unit\":\"个\",\"remark\":\"四只电池配一个采集模块\"}]}','2018-02-26 02:36:00','2018-02-26 02:36:00'),(40,'河北移动机房','{\"2台移动  电源 2组2V1000Ah共96节电池\":[{\"title\":\"采集模块\",\"model\":\"SLSU4-2\",\"number\":24,\"unit\":\"个\",\"remark\":\"四只电池配一个采集模块\"},{\"title\":\"智能网关\",\"model\":\"SLG-GW-48-C202\",\"number\":2,\"unit\":\"台\",\"remark\":\"每台电源配1台\"},{\"title\":\"漏电流传感器\",\"model\":\"LF-MI11-R2B8-1.0/0 ~±10mA\",\"number\":2,\"unit\":\"个\",\"remark\":\"每台电源配1个\"},{\"title\":\"网关驱动软件\",\"model\":\"SLG-SW-V2.0\",\"number\":2,\"unit\":\"套\",\"remark\":\"每台电源配1套\"}],\"工程安装\":[{\"title\":\"工程辅料\",\"model\":\"\",\"number\":2,\"unit\":\"套\",\"remark\":\"每台电源配1套，按智能系统的10%进行核算\"},{\"title\":\"线槽\",\"model\":\"W40mm * H30mm\",\"number\":27,\"unit\":\"米\",\"remark\":null}],\"系统平台\":[{\"title\":\"网管平台软件\",\"model\":\"ECO Plus System Software Package\",\"number\":1,\"unit\":\"套\",\"remark\":\"一个项目配一套\"},{\"title\":\"NT服务器\",\"model\":\"6 cores CPU / 8 GB Memery/ 500GB Harddisk *2 RAID1/ 1U\",\"number\":1,\"unit\":\"套\",\"remark\":\"一个项目配一套\"},{\"title\":\"机架式一体机\",\"model\":\"KVM 17\\\" 显示器、键盘、鼠标\",\"number\":1,\"unit\":\"台\",\"remark\":\"一台服务器配一台\"},{\"title\":\"无线Modem\",\"model\":\"ETPro-101Ai/Bi GSM Modem\",\"number\":1,\"unit\":\"台\",\"remark\":\"一台服务器配一台\"}],\"备品\":[{\"title\":\"采集模块\",\"model\":\"SLSU4-2\",\"number\":1,\"unit\":\"个\",\"remark\":\"四只电池配一个采集模块\"}]}','2018-02-26 05:44:56','2018-02-26 05:44:56'),(41,'南宁','{\"2台xxx xxx 电源 6组12V100Ah共384节电池\":[{\"title\":\"采集模块\",\"model\":\"SLSU4-12\",\"number\":96,\"unit\":\"个\",\"remark\":\"四只电池配一个采集模块\"},{\"title\":\"汇流柜\",\"model\":null,\"number\":2,\"unit\":\"台\",\"remark\":\"每台电源配1台\"},{\"title\":\"智能控制柜\",\"model\":\"SLC-400-600\",\"number\":2,\"unit\":\"台\",\"remark\":\"每台电源配1台\"},{\"title\":\"网关驱动软件\",\"model\":\"SLG-SW-V2.0\",\"number\":2,\"unit\":\"套\",\"remark\":\"每台电源配1套\"}],\"工程安装\":[{\"title\":\"通信柜\",\"model\":\"20U，带PDU、导轨\",\"number\":1,\"unit\":\"台\",\"remark\":\"每个电池房配1台\"},{\"title\":\"交换机\",\"model\":\"\",\"number\":1,\"unit\":\"台\",\"remark\":\"每个电池房配1台\"},{\"title\":\"工程辅料\",\"model\":\"\",\"number\":2,\"unit\":\"套\",\"remark\":\"每台电源配1套，按智能系统的10%进行核算\"},{\"title\":\"线槽\",\"model\":\"W40mm * H30mm\",\"number\":140,\"unit\":\"米\",\"remark\":null}],\"系统平台\":[{\"title\":\"网管平台软件\",\"model\":\"ECO Plus System Software Package\",\"number\":1,\"unit\":\"套\",\"remark\":\"一个项目配一套\"},{\"title\":\"NT服务器\",\"model\":\"6 cores CPU / 8 GB Memery/ 500GB Harddisk *2 RAID1/ 1U\",\"number\":1,\"unit\":\"套\",\"remark\":\"一个项目配一套\"},{\"title\":\"机架式一体机\",\"model\":\"KVM 17\\\" 显示器、键盘、鼠标\",\"number\":1,\"unit\":\"台\",\"remark\":\"一台服务器配一台\"},{\"title\":\"无线Modem\",\"model\":\"ETPro-101Ai/Bi GSM Modem\",\"number\":1,\"unit\":\"台\",\"remark\":\"一台服务器配一台\"}],\"备品\":[{\"title\":\"采集模块\",\"model\":\"SLSU4-12\",\"number\":3,\"unit\":\"个\",\"remark\":\"四只电池配一个采集模块\"}]}','2018-02-26 10:34:25','2018-02-26 10:34:25'),(42,'111','{\"20台111 500 电源 3组12V200Ah共1920节电池\":[{\"title\":\"采集模块\",\"model\":\"SLSU4-12\",\"number\":480,\"unit\":\"个\",\"remark\":\"四只电池配一个采集模块\"},{\"title\":\"智能管理柜\",\"model\":\"SLCN-800-3\",\"number\":20,\"unit\":\"台\",\"remark\":\"每台电源配1台\"},{\"title\":\"网关驱动软件\",\"model\":\"SLG-SW-V2.0\",\"number\":20,\"unit\":\"套\",\"remark\":\"每台电源配1套\"}],\"工程安装\":[{\"title\":\"通信柜\",\"model\":\"20U，带PDU、导轨\",\"number\":1,\"unit\":\"台\",\"remark\":\"每个电池房配1台\"},{\"title\":\"交换机\",\"model\":\"\",\"number\":1,\"unit\":\"台\",\"remark\":\"每个电池房配1台\"},{\"title\":\"工程辅料\",\"model\":\"\",\"number\":20,\"unit\":\"套\",\"remark\":\"每台电源配1套，按智能系统的10%进行核算\"},{\"title\":\"线槽\",\"model\":\"W40mm * H30mm\",\"number\":423,\"unit\":\"米\",\"remark\":null}],\"系统平台\":[{\"title\":\"网管平台软件\",\"model\":\"ECO Plus System Software Package\",\"number\":1,\"unit\":\"套\",\"remark\":\"一个项目配一套\"},{\"title\":\"NT服务器\",\"model\":\"6 cores CPU / 8 GB Memery/ 500GB Harddisk *2 RAID1/ 1U\",\"number\":1,\"unit\":\"套\",\"remark\":\"一个项目配一套\"},{\"title\":\"机架式一体机\",\"model\":\"KVM 17\\\" 显示器、键盘、鼠标\",\"number\":1,\"unit\":\"台\",\"remark\":\"一台服务器配一台\"},{\"title\":\"无线Modem\",\"model\":\"ETPro-101Ai/Bi GSM Modem\",\"number\":1,\"unit\":\"台\",\"remark\":\"一台服务器配一台\"}],\"备品\":[{\"title\":\"采集模块\",\"model\":\"SLSU4-12\",\"number\":15,\"unit\":\"个\",\"remark\":\"四只电池配一个采集模块\"}]}','2018-02-26 10:50:49','2018-02-26 10:50:49'),(43,'东江湖项目','{\"1 set 施耐德 Galaxy7000 Power 3 banks 12V200Ah 132 batteries in total\":[{\"title\":\"Acquisition module\",\"model\":\"SLSU4-12\",\"number\":33,\"unit\":\"pc\",\"remark\":\"Each 4 batteries need 1\"},{\"title\":\"Junction Cabinet\",\"model\":\"BCC-630-3\",\"number\":1,\"unit\":\"set\",\"remark\":\"Each Power need 1\"},{\"title\":\"Smart Control Cabinet\",\"model\":\"SLC-1250-600\",\"number\":1,\"unit\":\"set\",\"remark\":\"Each Power need 1\"},{\"title\":\"Gateway firmwawre\",\"model\":\"SLG-SW-V2.0\",\"number\":1,\"unit\":\"set\",\"remark\":\"Each Power need 1 set\"}],\"Engineering Installation\":[{\"title\":\"Network Communicate Cabinet\",\"model\":\"20U，with PDU, rail\",\"number\":1,\"unit\":\"set\",\"remark\":\"Each battery room need 1\"},{\"title\":\"Network Switch\",\"model\":\"\",\"number\":1,\"unit\":\"set\",\"remark\":\"Each battery room need 1\"},{\"title\":\"Engineering Accessories\",\"model\":\"\",\"number\":1,\"unit\":\"set\",\"remark\":\"Each Power need 1 set，Accounting for 10% of the smart system\"},{\"title\":\"Troughs\",\"model\":\"W40mm * H30mm\",\"number\":30,\"unit\":\"meter\",\"remark\":null}],\"System Platform\":[{\"title\":\"Platform Software\",\"model\":\"ECO Plus System Software Package\",\"number\":1,\"unit\":\"set\",\"remark\":\"Each project need 1 set\"},{\"title\":\"NT Server\",\"model\":\"6 cores CPU / 8 GB Memery/ 500GB Harddisk *2 RAID1/ 1U\",\"number\":1,\"unit\":\"set\",\"remark\":\"Each project need 1 set\"},{\"title\":\"KVM 17\' Computer\",\"model\":\"KVM 17\' monitor, keyboard and mouse\",\"number\":1,\"unit\":\"set\",\"remark\":\"Each server need 1\"},{\"title\":\"GSM Modem\",\"model\":\"ETPro-101Ai/Bi GSM Modem\",\"number\":1,\"unit\":\"set\",\"remark\":\"Each server need 1\"}],\"Spare Parts\":[{\"title\":\"Acquisition module\",\"model\":\"SLSU4-12\",\"number\":1,\"unit\":\"pc\",\"remark\":\"Each 4 batteries need 1\"}]}','2018-02-27 02:22:46','2018-02-27 02:22:46'),(44,'元义','{\"1台中国联通  电源 2组2V300Ah共48节电池\":[{\"title\":\"采集模块\",\"model\":\"SLSU4-2\",\"number\":12,\"unit\":\"个\",\"remark\":\"四只电池配一个采集模块\"},{\"title\":\"智能网关\",\"model\":\"SLG-GW-48-C202\",\"number\":1,\"unit\":\"台\",\"remark\":\"每台电源配1台\"},{\"title\":\"空调红外控制器\",\"model\":\"\",\"number\":1,\"unit\":\"台\",\"remark\":\"一个站点配一台\"},{\"title\":\"智能电表\",\"model\":\"\",\"number\":1,\"unit\":\"台\",\"remark\":\"广州雅达DTSD3366M-4-W1型三相四回路电能表，一个站点配一台\"},{\"title\":\"漏电流传感器\",\"model\":\"LF-MI11-R2B8-1.0/0 ~±10mA\",\"number\":1,\"unit\":\"个\",\"remark\":\"每台电源配1个\"},{\"title\":\"网关驱动软件\",\"model\":\"SLG-SW-V2.0\",\"number\":1,\"unit\":\"套\",\"remark\":\"每台电源配1套\"}],\"工程安装\":[{\"title\":\"工程辅料\",\"model\":\"\",\"number\":1,\"unit\":\"套\",\"remark\":\"每台电源配1套，按智能系统的10%进行核算\"},{\"title\":\"线槽\",\"model\":\"W40mm * H30mm\",\"number\":1,\"unit\":\"米\",\"remark\":null}],\"系统平台\":[{\"title\":\"网管平台软件\",\"model\":\"ECO Plus System Software Package\",\"number\":1,\"unit\":\"套\",\"remark\":\"一个项目配一套\"},{\"title\":\"NT服务器\",\"model\":\"6 cores CPU / 8 GB Memery/ 500GB Harddisk *2 RAID1/ 1U\",\"number\":1,\"unit\":\"套\",\"remark\":\"一个项目配一套\"},{\"title\":\"机架式一体机\",\"model\":\"KVM 17\\\" 显示器、键盘、鼠标\",\"number\":1,\"unit\":\"台\",\"remark\":\"一台服务器配一台\"},{\"title\":\"无线Modem\",\"model\":\"ETPro-101Ai/Bi GSM Modem\",\"number\":1,\"unit\":\"台\",\"remark\":\"一台服务器配一台\"}],\"备品\":[{\"title\":\"采集模块\",\"model\":\"SLSU4-2\",\"number\":1,\"unit\":\"个\",\"remark\":\"四只电池配一个采集模块\"}]}','2018-02-27 06:49:00','2018-02-27 06:49:00'),(45,'联通机房','{\"1台华为  电源 2组2V300Ah共48节电池\":[{\"title\":\"采集模块\",\"model\":\"SLSU4-2\",\"number\":12,\"unit\":\"个\",\"remark\":\"四只电池配一个采集模块\"},{\"title\":\"智能网关\",\"model\":\"SLG-GW-48-C202\",\"number\":1,\"unit\":\"台\",\"remark\":\"每台电源配1台\"},{\"title\":\"空调红外控制器\",\"model\":\"\",\"number\":1,\"unit\":\"台\",\"remark\":\"一个站点配一台\"},{\"title\":\"智能电表\",\"model\":\"\",\"number\":1,\"unit\":\"台\",\"remark\":\"广州雅达DTSD3366M-4-W1型三相四回路电能表，一个站点配一台\"},{\"title\":\"漏电流传感器\",\"model\":\"LF-MI11-R2B8-1.0/0 ~±10mA\",\"number\":1,\"unit\":\"个\",\"remark\":\"每台电源配1个\"},{\"title\":\"网关驱动软件\",\"model\":\"SLG-SW-V2.0\",\"number\":1,\"unit\":\"套\",\"remark\":\"每台电源配1套\"}],\"工程安装\":[{\"title\":\"工程辅料\",\"model\":\"\",\"number\":1,\"unit\":\"套\",\"remark\":\"每台电源配1套，按智能系统的10%进行核算\"},{\"title\":\"线槽\",\"model\":\"W40mm * H30mm\",\"number\":1,\"unit\":\"米\",\"remark\":null}],\"系统平台\":[{\"title\":\"网管平台软件\",\"model\":\"ECO Plus System Software Package\",\"number\":1,\"unit\":\"套\",\"remark\":\"一个项目配一套\"},{\"title\":\"NT服务器\",\"model\":\"6 cores CPU / 8 GB Memery/ 500GB Harddisk *2 RAID1/ 1U\",\"number\":1,\"unit\":\"套\",\"remark\":\"一个项目配一套\"},{\"title\":\"机架式一体机\",\"model\":\"KVM 17\\\" 显示器、键盘、鼠标\",\"number\":1,\"unit\":\"台\",\"remark\":\"一台服务器配一台\"},{\"title\":\"无线Modem\",\"model\":\"ETPro-101Ai/Bi GSM Modem\",\"number\":1,\"unit\":\"台\",\"remark\":\"一台服务器配一台\"}],\"备品\":[{\"title\":\"采集模块\",\"model\":\"SLSU4-2\",\"number\":1,\"unit\":\"个\",\"remark\":\"四只电池配一个采集模块\"}]}','2018-02-28 06:07:39','2018-02-28 06:07:39'),(46,'联通机房','{\"1台华为  电源 2组2V300Ah共48节电池\":[{\"title\":\"采集模块\",\"model\":\"SLSU4-2\",\"number\":12,\"unit\":\"个\",\"remark\":\"四只电池配一个采集模块\"},{\"title\":\"智能网关\",\"model\":\"SLG-GW-48-C202\",\"number\":1,\"unit\":\"台\",\"remark\":\"每台电源配1台\"},{\"title\":\"空调红外控制器\",\"model\":\"\",\"number\":1,\"unit\":\"台\",\"remark\":\"一个站点配一台\"},{\"title\":\"智能电表\",\"model\":\"\",\"number\":1,\"unit\":\"台\",\"remark\":\"广州雅达DTSD3366M-4-W1型三相四回路电能表，一个站点配一台\"},{\"title\":\"漏电流传感器\",\"model\":\"LF-MI11-R2B8-1.0/0 ~±10mA\",\"number\":1,\"unit\":\"个\",\"remark\":\"每台电源配1个\"},{\"title\":\"网关驱动软件\",\"model\":\"SLG-SW-V2.0\",\"number\":1,\"unit\":\"套\",\"remark\":\"每台电源配1套\"}],\"工程安装\":[{\"title\":\"工程辅料\",\"model\":\"\",\"number\":1,\"unit\":\"套\",\"remark\":\"每台电源配1套，按智能系统的10%进行核算\"},{\"title\":\"线槽\",\"model\":\"W40mm * H30mm\",\"number\":1,\"unit\":\"米\",\"remark\":null}],\"系统平台\":[{\"title\":\"网管平台软件\",\"model\":\"ECO Plus System Software Package\",\"number\":1,\"unit\":\"套\",\"remark\":\"一个项目配一套\"},{\"title\":\"NT服务器\",\"model\":\"6 cores CPU / 8 GB Memery/ 500GB Harddisk *2 RAID1/ 1U\",\"number\":1,\"unit\":\"套\",\"remark\":\"一个项目配一套\"},{\"title\":\"机架式一体机\",\"model\":\"KVM 17\\\" 显示器、键盘、鼠标\",\"number\":1,\"unit\":\"台\",\"remark\":\"一台服务器配一台\"},{\"title\":\"无线Modem\",\"model\":\"ETPro-101Ai/Bi GSM Modem\",\"number\":1,\"unit\":\"台\",\"remark\":\"一台服务器配一台\"}],\"备品\":[{\"title\":\"采集模块\",\"model\":\"SLSU4-2\",\"number\":1,\"unit\":\"个\",\"remark\":\"四只电池配一个采集模块\"}]}','2018-02-28 06:18:33','2018-02-28 06:18:33'),(47,'中国联通','{\"1台联通  电源 2组2V300Ah共48节电池\":[{\"title\":\"采集模块\",\"model\":\"SLSU4-2\",\"number\":12,\"unit\":\"个\",\"remark\":\"四只电池配一个采集模块\"},{\"title\":\"智能网关\",\"model\":\"SLG-GW-48-C202\",\"number\":1,\"unit\":\"台\",\"remark\":\"每台电源配1台\"},{\"title\":\"空调红外控制器\",\"model\":\"\",\"number\":1,\"unit\":\"台\",\"remark\":\"一个站点配一台\"},{\"title\":\"智能电表\",\"model\":\"\",\"number\":1,\"unit\":\"台\",\"remark\":\"广州雅达DTSD3366M-4-W1型三相四回路电能表，一个站点配一台\"},{\"title\":\"漏电流传感器\",\"model\":\"LF-MI11-R2B8-1.0/0 ~±10mA\",\"number\":1,\"unit\":\"个\",\"remark\":\"每台电源配1个\"},{\"title\":\"网关驱动软件\",\"model\":\"SLG-SW-V2.0\",\"number\":1,\"unit\":\"套\",\"remark\":\"每台电源配1套\"}],\"工程安装\":[{\"title\":\"工程辅料\",\"model\":\"\",\"number\":1,\"unit\":\"套\",\"remark\":\"每台电源配1套，按智能系统的10%进行核算\"},{\"title\":\"线槽\",\"model\":\"W40mm * H30mm\",\"number\":1,\"unit\":\"米\",\"remark\":null}],\"系统平台\":[{\"title\":\"网管平台软件\",\"model\":\"ECO Plus System Software Package\",\"number\":1,\"unit\":\"套\",\"remark\":\"一个项目配一套\"},{\"title\":\"NT服务器\",\"model\":\"6 cores CPU / 8 GB Memery/ 500GB Harddisk *2 RAID1/ 1U\",\"number\":1,\"unit\":\"套\",\"remark\":\"一个项目配一套\"},{\"title\":\"机架式一体机\",\"model\":\"KVM 17\\\" 显示器、键盘、鼠标\",\"number\":1,\"unit\":\"台\",\"remark\":\"一台服务器配一台\"},{\"title\":\"无线Modem\",\"model\":\"ETPro-101Ai/Bi GSM Modem\",\"number\":1,\"unit\":\"台\",\"remark\":\"一台服务器配一台\"}],\"备品\":[{\"title\":\"采集模块\",\"model\":\"SLSU4-2\",\"number\":1,\"unit\":\"个\",\"remark\":\"四只电池配一个采集模块\"}]}','2018-02-28 06:25:46','2018-02-28 06:25:46'),(48,'中国移动','{\"3台华为 华为2000-G-20KRTL 电源 3组12V200Ah共72节电池\":[{\"title\":\"采集模块\",\"model\":\"SLSU4-12\",\"number\":18,\"unit\":\"个\",\"remark\":\"四只电池配一个采集模块\"},{\"title\":\"智能管理柜\",\"model\":\"SLCN-400-3\",\"number\":3,\"unit\":\"台\",\"remark\":\"每台电源配1台\"},{\"title\":\"网关驱动软件\",\"model\":\"SLG-SW-V2.0\",\"number\":3,\"unit\":\"套\",\"remark\":\"每台电源配1套\"}],\"工程安装\":[{\"title\":\"通信柜\",\"model\":\"20U，带PDU、导轨\",\"number\":3,\"unit\":\"台\",\"remark\":\"每个电池房配1台\"},{\"title\":\"交换机\",\"model\":\"\",\"number\":3,\"unit\":\"台\",\"remark\":\"每个电池房配1台\"},{\"title\":\"工程辅料\",\"model\":\"\",\"number\":3,\"unit\":\"套\",\"remark\":\"每台电源配1套，按智能系统的10%进行核算\"},{\"title\":\"线槽\",\"model\":\"W40mm * H30mm\",\"number\":1,\"unit\":\"米\",\"remark\":null}],\"系统平台\":[{\"title\":\"网管平台软件\",\"model\":\"ECO Plus System Software Package\",\"number\":1,\"unit\":\"套\",\"remark\":\"一个项目配一套\"},{\"title\":\"NT服务器\",\"model\":\"6 cores CPU / 8 GB Memery/ 500GB Harddisk *2 RAID1/ 1U\",\"number\":1,\"unit\":\"套\",\"remark\":\"一个项目配一套\"},{\"title\":\"机架式一体机\",\"model\":\"KVM 17\\\" 显示器、键盘、鼠标\",\"number\":1,\"unit\":\"台\",\"remark\":\"一台服务器配一台\"},{\"title\":\"无线Modem\",\"model\":\"ETPro-101Ai/Bi GSM Modem\",\"number\":1,\"unit\":\"台\",\"remark\":\"一台服务器配一台\"}],\"备品\":[{\"title\":\"采集模块\",\"model\":\"SLSU4-12\",\"number\":1,\"unit\":\"个\",\"remark\":\"四只电池配一个采集模块\"}]}','2018-02-28 06:45:24','2018-02-28 06:45:24'),(49,'东南大学','{\"1台施耐德 Galaxy7000 电源 2组12V100Ah共88节电池\":[{\"title\":\"采集模块\",\"model\":\"SLSU4-12\",\"number\":22,\"unit\":\"个\",\"remark\":\"四只电池配一个采集模块\"},{\"title\":\"智能霍尔传感器\",\"model\":\"LF-DI12-R2-C32-1.0/0-±1000A\",\"number\":2,\"unit\":\"个\",\"remark\":\"每组电池配1个\"},{\"title\":\"智能电压采集器\",\"model\":\"LF-DV12-R2A1-0.2/0-1000V\",\"number\":1,\"unit\":\"个\",\"remark\":\"每台电源配1个\"},{\"title\":\"漏电流传感器\",\"model\":\"LF-MI11-R2B8-1.0/0 ~±10mA\",\"number\":1,\"unit\":\"个\",\"remark\":\"每台电源配1个\"},{\"title\":\"智能网关\",\"model\":\"SLG-GW-220\",\"number\":1,\"unit\":\"台\",\"remark\":\"每台电源配1台\"},{\"title\":\"网关驱动软件\",\"model\":\"SLG-SW-V2.0\",\"number\":1,\"unit\":\"套\",\"remark\":\"每台电源配1套\"}],\"1台施耐德 VM200 电源 2组12V100Ah共80节电池\":[{\"title\":\"采集模块\",\"model\":\"SLSU4-12\",\"number\":20,\"unit\":\"个\",\"remark\":\"四只电池配一个采集模块\"},{\"title\":\"智能霍尔传感器\",\"model\":\"LF-DI12-R2-C32-1.0/0-±1000A\",\"number\":2,\"unit\":\"个\",\"remark\":\"每组电池配1个\"},{\"title\":\"智能电压采集器\",\"model\":\"LF-DV12-R2A1-0.2/0-1000V\",\"number\":1,\"unit\":\"个\",\"remark\":\"每台电源配1个\"},{\"title\":\"漏电流传感器\",\"model\":\"LF-MI11-R2B8-1.0/0 ~±10mA\",\"number\":1,\"unit\":\"个\",\"remark\":\"每台电源配1个\"},{\"title\":\"智能网关\",\"model\":\"SLG-GW-220\",\"number\":1,\"unit\":\"台\",\"remark\":\"每台电源配1台\"},{\"title\":\"网关驱动软件\",\"model\":\"SLG-SW-V2.0\",\"number\":1,\"unit\":\"套\",\"remark\":\"每台电源配1套\"}],\"工程安装\":[{\"title\":\"通信柜\",\"model\":\"20U，带PDU、导轨\",\"number\":1,\"unit\":\"台\",\"remark\":\"每个电池房配1台\"},{\"title\":\"交换机\",\"model\":\"\",\"number\":1,\"unit\":\"台\",\"remark\":\"每个电池房配1台\"},{\"title\":\"工程辅料\",\"model\":\"\",\"number\":2,\"unit\":\"套\",\"remark\":\"每台电源配1套，按智能系统的10%进行核算\"},{\"title\":\"线槽\",\"model\":\"W40mm * H30mm\",\"number\":61,\"unit\":\"米\",\"remark\":null}],\"系统平台\":[{\"title\":\"网管平台软件\",\"model\":\"ECO Plus System Software Package\",\"number\":1,\"unit\":\"套\",\"remark\":\"一个项目配一套\"}],\"备品\":[{\"title\":\"采集模块\",\"model\":\"SLSU4-12\",\"number\":2,\"unit\":\"个\",\"remark\":\"四只电池配一个采集模块\"}]}','2018-03-13 01:16:42','2018-03-13 01:16:42'),(50,'越南IDC','{\"4 sets 施耐德 XXX Power 1 banks 2V720Ah 1152 batteries in total\":[{\"title\":\"Acquisition module\",\"model\":\"SLSU4-2\",\"number\":288,\"unit\":\"pc\",\"remark\":\"Each 4 batteries need 1\"},{\"title\":\"Smart Hall Sensor\",\"model\":\"LF-DI12-R2-C32-1.0/0-±1000A\",\"number\":4,\"unit\":\"pc\",\"remark\":\"Each bank battery need 1\"},{\"title\":\"Smart Voltage Collector\",\"model\":\"LF-DV12-R2A1-0.2/0-1000V\",\"number\":4,\"unit\":\"pc\",\"remark\":\"Each Power need 1\"},{\"title\":\"Smart Leakage Sensor\",\"model\":\"LF-MI11-R2B8-1.0/0 ~±10mA\",\"number\":4,\"unit\":\"pc\",\"remark\":\"Each Power need 1\"},{\"title\":\"Smart Gateway\",\"model\":\"SLG-GW-220\",\"number\":4,\"unit\":\"set\",\"remark\":\"Each Power need 1\"},{\"title\":\"Gateway firmwawre\",\"model\":\"SLG-SW-V2.0\",\"number\":4,\"unit\":\"set\",\"remark\":\"Each Power need 1 set\"}],\"Engineering Installation\":[{\"title\":\"Network Communicate Cabinet\",\"model\":\"20U，with PDU, rail\",\"number\":1,\"unit\":\"set\",\"remark\":\"Each battery room need 1\"},{\"title\":\"Network Switch\",\"model\":\"\",\"number\":1,\"unit\":\"set\",\"remark\":\"Each battery room need 1\"},{\"title\":\"Engineering Accessories\",\"model\":\"\",\"number\":4,\"unit\":\"set\",\"remark\":\"Each Power need 1 set，Accounting for 10% of the smart system\"},{\"title\":\"Troughs\",\"model\":\"W40mm * H30mm\",\"number\":254,\"unit\":\"meter\",\"remark\":null}],\"System Platform\":[{\"title\":\"Platform Software\",\"model\":\"ECO Plus System Software Package\",\"number\":1,\"unit\":\"set\",\"remark\":\"Each project need 1 set\"},{\"title\":\"NT Server\",\"model\":\"6 cores CPU / 8 GB Memery/ 500GB Harddisk *2 RAID1/ 1U\",\"number\":1,\"unit\":\"set\",\"remark\":\"Each project need 1 set\"},{\"title\":\"KVM 17\' Computer\",\"model\":\"KVM 17\' monitor, keyboard and mouse\",\"number\":1,\"unit\":\"set\",\"remark\":\"Each server need 1\"}],\"Spare Parts\":[{\"title\":\"Acquisition module\",\"model\":\"SLSU4-2\",\"number\":9,\"unit\":\"pc\",\"remark\":\"Each 4 batteries need 1\"}]}','2018-03-22 02:59:19','2018-03-22 02:59:19'),(51,'越南IDC-2','{\"3 sets MBF  Power 6 banks 2V3350Ah 432 batteries in total\":[{\"title\":\"Acquisition module\",\"model\":\"SLSU4-2\",\"number\":108,\"unit\":\"pc\",\"remark\":\"Each 4 batteries need 1\"},{\"title\":\"Smart Hall Sensor\",\"model\":\"LF-DI12-R2C31-1.0/0~±100A\",\"number\":18,\"unit\":\"pc\",\"remark\":\"Each bank battery need 1\"},{\"title\":\"Smart Gateway\",\"model\":\"SLG-GW-48\",\"number\":3,\"unit\":\"set\",\"remark\":\"Each Power need 1\"},{\"title\":\"Smart Leakage Sensor\",\"model\":\"LF-MI11-R2B8-1.0/0 ~±10mA\",\"number\":3,\"unit\":\"pc\",\"remark\":\"Each Power need 1\"},{\"title\":\"Gateway firmwawre\",\"model\":\"SLG-SW-V2.0\",\"number\":3,\"unit\":\"set\",\"remark\":\"Each Power need 1 set\"}],\"1 set MBF  Power 5 banks 2V3350Ah 120 batteries in total\":[{\"title\":\"Acquisition module\",\"model\":\"SLSU4-2\",\"number\":30,\"unit\":\"pc\",\"remark\":\"Each 4 batteries need 1\"},{\"title\":\"Smart Hall Sensor\",\"model\":\"LF-DI12-R2C31-1.0/0~±100A\",\"number\":5,\"unit\":\"pc\",\"remark\":\"Each bank battery need 1\"},{\"title\":\"Smart Gateway\",\"model\":\"SLG-GW-48\",\"number\":1,\"unit\":\"set\",\"remark\":\"Each Power need 1\"},{\"title\":\"Smart Leakage Sensor\",\"model\":\"LF-MI11-R2B8-1.0/0 ~±10mA\",\"number\":1,\"unit\":\"pc\",\"remark\":\"Each Power need 1\"},{\"title\":\"Gateway firmwawre\",\"model\":\"SLG-SW-V2.0\",\"number\":1,\"unit\":\"set\",\"remark\":\"Each Power need 1 set\"}],\"Engineering Installation\":[{\"title\":\"Engineering Accessories\",\"model\":\"\",\"number\":4,\"unit\":\"set\",\"remark\":\"Each Power need 1 set，Accounting for 10% of the smart system\"},{\"title\":\"Troughs\",\"model\":\"W40mm * H30mm\",\"number\":122,\"unit\":\"meter\",\"remark\":null}],\"System Platform\":[{\"title\":\"Platform Software\",\"model\":\"ECO Plus System Software Package\",\"number\":1,\"unit\":\"set\",\"remark\":\"Each project need 1 set\"},{\"title\":\"NT Server\",\"model\":\"6 cores CPU / 8 GB Memery/ 500GB Harddisk *2 RAID1/ 1U\",\"number\":1,\"unit\":\"set\",\"remark\":\"Each project need 1 set\"},{\"title\":\"KVM 17\' Computer\",\"model\":\"KVM 17\' monitor, keyboard and mouse\",\"number\":1,\"unit\":\"set\",\"remark\":\"Each server need 1\"}],\"Spare Parts\":[{\"title\":\"Acquisition module\",\"model\":\"SLSU4-2\",\"number\":5,\"unit\":\"pc\",\"remark\":\"Each 4 batteries need 1\"}]}','2018-03-22 03:04:18','2018-03-22 03:04:18'),(52,'江苏国网变电站','{\"1台中恒 未知 电源 1组12V100Ah共18节电池\":[{\"title\":\"采集模块\",\"model\":\"SLSU4-12\",\"number\":5,\"unit\":\"个\",\"remark\":\"四只电池配一个采集模块\"},{\"title\":\"控制箱\",\"model\":\"SLCB-200-220\",\"number\":1,\"unit\":\"台\",\"remark\":\"每台电源配1台\"},{\"title\":\"漏电流传感器\",\"model\":\"LF-MI11-R2B8-1.0/0 ~±10mA\",\"number\":1,\"unit\":\"个\",\"remark\":\"每台电源配1个\"},{\"title\":\"网关驱动软件\",\"model\":\"SLG-SW-V2.0\",\"number\":1,\"unit\":\"套\",\"remark\":\"每台电源配1套\"}],\"工程安装\":[{\"title\":\"通信柜\",\"model\":\"20U，带PDU、导轨\",\"number\":1,\"unit\":\"台\",\"remark\":\"每个电池房配1台\"},{\"title\":\"交换机\",\"model\":\"\",\"number\":1,\"unit\":\"台\",\"remark\":\"每个电池房配1台\"},{\"title\":\"工程辅料\",\"model\":\"\",\"number\":1,\"unit\":\"套\",\"remark\":\"每台电源配1套，按智能系统的10%进行核算\"},{\"title\":\"线槽\",\"model\":\"W40mm * H30mm\",\"number\":4,\"unit\":\"米\",\"remark\":null}],\"系统平台\":[{\"title\":\"网管平台软件\",\"model\":\"ECO Plus System Software Package\",\"number\":1,\"unit\":\"套\",\"remark\":\"一个项目配一套\"},{\"title\":\"NT服务器\",\"model\":\"6 cores CPU / 8 GB Memery/ 500GB Harddisk *2 RAID1/ 1U\",\"number\":1,\"unit\":\"套\",\"remark\":\"一个项目配一套\"},{\"title\":\"机架式一体机\",\"model\":\"KVM 17\\\" 显示器、键盘、鼠标\",\"number\":1,\"unit\":\"台\",\"remark\":\"一台服务器配一台\"},{\"title\":\"无线Modem\",\"model\":\"ETPro-101Ai/Bi GSM Modem\",\"number\":1,\"unit\":\"台\",\"remark\":\"一台服务器配一台\"}],\"备品\":[{\"title\":\"采集模块\",\"model\":\"SLSU4-12\",\"number\":1,\"unit\":\"个\",\"remark\":\"四只电池配一个采集模块\"}]}','2018-03-23 02:56:21','2018-03-23 02:56:21'),(53,'紫光云展厅','{\"1台爱默生 NX-0600L 电源 2组12V100Ah共64节电池\":[{\"title\":\"采集模块\",\"model\":\"SLSU4-12\",\"number\":16,\"unit\":\"个\",\"remark\":\"四只电池配一个采集模块\"},{\"title\":\"汇流柜\",\"model\":\"BCC-400-2\",\"number\":1,\"unit\":\"台\",\"remark\":\"每台电源配1台\"},{\"title\":\"智能控制柜\",\"model\":\"SLC-400-600\",\"number\":1,\"unit\":\"台\",\"remark\":\"每台电源配1台\"},{\"title\":\"网关驱动软件\",\"model\":\"SLG-SW-V2.0\",\"number\":1,\"unit\":\"套\",\"remark\":\"每台电源配1套\"}],\"工程安装\":[{\"title\":\"通信柜\",\"model\":\"20U，带PDU、导轨\",\"number\":1,\"unit\":\"台\",\"remark\":\"每个电池房配1台\"},{\"title\":\"交换机\",\"model\":\"\",\"number\":1,\"unit\":\"台\",\"remark\":\"每个电池房配1台\"},{\"title\":\"工程辅料\",\"model\":\"\",\"number\":1,\"unit\":\"套\",\"remark\":\"每台电源配1套，按智能系统的10%进行核算\"},{\"title\":\"线槽\",\"model\":\"W40mm * H30mm\",\"number\":15,\"unit\":\"米\",\"remark\":null}],\"系统平台\":[{\"title\":\"网管平台软件\",\"model\":\"ECO Plus System Software Package\",\"number\":1,\"unit\":\"套\",\"remark\":\"一个项目配一套\"},{\"title\":\"NT服务器\",\"model\":\"6 cores CPU / 8 GB Memery/ 500GB Harddisk *2 RAID1/ 1U\",\"number\":1,\"unit\":\"套\",\"remark\":\"一个项目配一套\"},{\"title\":\"机架式一体机\",\"model\":\"KVM 17\\\" 显示器、键盘、鼠标\",\"number\":1,\"unit\":\"台\",\"remark\":\"一台服务器配一台\"},{\"title\":\"无线Modem\",\"model\":\"ETPro-101Ai/Bi GSM Modem\",\"number\":1,\"unit\":\"台\",\"remark\":\"一台服务器配一台\"}],\"备品\":[{\"title\":\"采集模块\",\"model\":\"SLSU4-12\",\"number\":1,\"unit\":\"个\",\"remark\":\"四只电池配一个采集模块\"}]}','2018-03-23 09:57:21','2018-03-23 09:57:21'),(54,'紫云展厅','{\"1台艾默生 NX0600 电源 2组12V100Ah共64节电池\":[{\"title\":\"采集模块\",\"model\":\"SLSU4-12\",\"number\":16,\"unit\":\"个\",\"remark\":\"四只电池配一个采集模块\"},{\"title\":\"汇流柜\",\"model\":\"BCC-400-2\",\"number\":1,\"unit\":\"台\",\"remark\":\"每台电源配1台\"},{\"title\":\"智能控制柜\",\"model\":\"SLC-400-600\",\"number\":1,\"unit\":\"台\",\"remark\":\"每台电源配1台\"},{\"title\":\"网关驱动软件\",\"model\":\"SLG-SW-V2.0\",\"number\":1,\"unit\":\"套\",\"remark\":\"每台电源配1套\"}],\"工程安装\":[{\"title\":\"通信柜\",\"model\":\"20U，带PDU、导轨\",\"number\":1,\"unit\":\"台\",\"remark\":\"每个电池房配1台\"},{\"title\":\"交换机\",\"model\":\"\",\"number\":1,\"unit\":\"台\",\"remark\":\"每个电池房配1台\"},{\"title\":\"工程辅料\",\"model\":\"\",\"number\":1,\"unit\":\"套\",\"remark\":\"每台电源配1套，按智能系统的10%进行核算\"},{\"title\":\"线槽\",\"model\":\"W40mm * H30mm\",\"number\":13,\"unit\":\"米\",\"remark\":null}],\"系统平台\":[{\"title\":\"网管平台软件\",\"model\":\"ECO Plus System Software Package\",\"number\":1,\"unit\":\"套\",\"remark\":\"一个项目配一套\"}],\"备品\":[{\"title\":\"采集模块\",\"model\":\"SLSU4-12\",\"number\":1,\"unit\":\"个\",\"remark\":\"四只电池配一个采集模块\"}]}','2018-03-26 05:55:57','2018-03-26 05:55:57'),(55,'紫云展厅','{\"1台艾默生 NX0600 电源 2组12V100Ah共64节电池\":[{\"title\":\"采集模块\",\"model\":\"SLSU4-12\",\"number\":16,\"unit\":\"个\",\"remark\":\"四只电池配一个采集模块\"},{\"title\":\"智能管理柜\",\"model\":\"SLC-400-2\",\"number\":1,\"unit\":\"台\",\"remark\":\"每台电源配1台\"},{\"title\":\"网关驱动软件\",\"model\":\"SLG-SW-V2.0\",\"number\":1,\"unit\":\"套\",\"remark\":\"每台电源配1套\"}],\"工程安装\":[{\"title\":\"通信柜\",\"model\":\"20U，带PDU、导轨\",\"number\":1,\"unit\":\"台\",\"remark\":\"每个电池房配1台\"},{\"title\":\"交换机\",\"model\":\"\",\"number\":1,\"unit\":\"台\",\"remark\":\"每个电池房配1台\"},{\"title\":\"工程辅料\",\"model\":\"\",\"number\":1,\"unit\":\"套\",\"remark\":\"每台电源配1套，按智能系统的10%进行核算\"},{\"title\":\"线槽\",\"model\":\"W40mm * H30mm\",\"number\":13,\"unit\":\"米\",\"remark\":null}],\"系统平台\":[{\"title\":\"网管平台软件\",\"model\":\"ECO Plus System Software Package\",\"number\":1,\"unit\":\"套\",\"remark\":\"一个项目配一套\"}],\"备品\":[{\"title\":\"采集模块\",\"model\":\"SLSU4-12\",\"number\":1,\"unit\":\"个\",\"remark\":\"四只电池配一个采集模块\"}]}','2018-03-26 05:58:18','2018-03-26 05:58:18'),(56,'紫光云','{\"1台EATON 93E 电源 2组12V100Ah共64节电池\":[{\"title\":\"采集模块\",\"model\":\"SLSU4-12\",\"number\":16,\"unit\":\"个\",\"remark\":\"四只电池配一个采集模块\"},{\"title\":\"智能管理柜\",\"model\":\"SLC-400-2\",\"number\":1,\"unit\":\"台\",\"remark\":\"每台电源配1台\"},{\"title\":\"网关驱动软件\",\"model\":\"SLG-SW-V2.0\",\"number\":1,\"unit\":\"套\",\"remark\":\"每台电源配1套\"}],\"工程安装\":[{\"title\":\"通信柜\",\"model\":\"20U，带PDU、导轨\",\"number\":1,\"unit\":\"台\",\"remark\":\"每个电池房配1台\"},{\"title\":\"交换机\",\"model\":\"\",\"number\":1,\"unit\":\"台\",\"remark\":\"每个电池房配1台\"},{\"title\":\"工程辅料\",\"model\":\"\",\"number\":1,\"unit\":\"套\",\"remark\":\"每台电源配1套，按智能系统的10%进行核算\"},{\"title\":\"线槽\",\"model\":\"W40mm * H30mm\",\"number\":13,\"unit\":\"米\",\"remark\":null}],\"系统平台\":[{\"title\":\"网管平台软件\",\"model\":\"ECO Plus System Software Package\",\"number\":1,\"unit\":\"套\",\"remark\":\"一个项目配一套\"}],\"备品\":[{\"title\":\"采集模块\",\"model\":\"SLSU4-12\",\"number\":1,\"unit\":\"个\",\"remark\":\"四只电池配一个采集模块\"}]}','2018-03-27 01:10:34','2018-03-27 01:10:34'),(57,'马来','{\"1 set xxx xxx Power 2 banks 12V200Ah 68 batteries in total\":[{\"title\":\"Acquisition module\",\"model\":\"SLSU4-12\",\"number\":18,\"unit\":\"pc\",\"remark\":\"Each 4 batteries need 1\"},{\"title\":\"Smart Hall Sensor\",\"model\":\"LF-DI12-R2-C32-1.0/0-±1000A\",\"number\":2,\"unit\":\"pc\",\"remark\":\"Each bank battery need 1\"},{\"title\":\"Smart Voltage Collector\",\"model\":\"LF-DV12-R2A1-0.2/0-1000V\",\"number\":1,\"unit\":\"pc\",\"remark\":\"Each Power need 1\"},{\"title\":\"Smart Leakage Sensor\",\"model\":\"LF-MI11-R2B8-1.0/0 ~±10mA\",\"number\":1,\"unit\":\"pc\",\"remark\":\"Each Power need 1\"},{\"title\":\"Smart Gateway\",\"model\":\"SLG-GW-220\",\"number\":1,\"unit\":\"set\",\"remark\":\"Each Power need 1\"},{\"title\":\"Gateway firmwawre\",\"model\":\"SLG-SW-V2.0\",\"number\":1,\"unit\":\"set\",\"remark\":\"Each Power need 1 set\"}],\"1 set xxx xxx Power 3 banks 12V200Ah 102 batteries in total\":[{\"title\":\"Acquisition module\",\"model\":\"SLSU4-12\",\"number\":27,\"unit\":\"pc\",\"remark\":\"Each 4 batteries need 1\"},{\"title\":\"Smart Hall Sensor\",\"model\":\"LF-DI12-R2-C32-1.0/0-±1000A\",\"number\":3,\"unit\":\"pc\",\"remark\":\"Each bank battery need 1\"},{\"title\":\"Smart Voltage Collector\",\"model\":\"LF-DV12-R2A1-0.2/0-1000V\",\"number\":1,\"unit\":\"pc\",\"remark\":\"Each Power need 1\"},{\"title\":\"Smart Leakage Sensor\",\"model\":\"LF-MI11-R2B8-1.0/0 ~±10mA\",\"number\":1,\"unit\":\"pc\",\"remark\":\"Each Power need 1\"},{\"title\":\"Smart Gateway\",\"model\":\"SLG-GW-220\",\"number\":1,\"unit\":\"set\",\"remark\":\"Each Power need 1\"},{\"title\":\"Gateway firmwawre\",\"model\":\"SLG-SW-V2.0\",\"number\":1,\"unit\":\"set\",\"remark\":\"Each Power need 1 set\"}],\"1 set xxx xxx Power 4 banks 12V200Ah 136 batteries in total\":[{\"title\":\"Acquisition module\",\"model\":\"SLSU4-12\",\"number\":36,\"unit\":\"pc\",\"remark\":\"Each 4 batteries need 1\"},{\"title\":\"Smart Hall Sensor\",\"model\":\"LF-DI12-R2-C32-1.0/0-±1000A\",\"number\":4,\"unit\":\"pc\",\"remark\":\"Each bank battery need 1\"},{\"title\":\"Smart Voltage Collector\",\"model\":\"LF-DV12-R2A1-0.2/0-1000V\",\"number\":1,\"unit\":\"pc\",\"remark\":\"Each Power need 1\"},{\"title\":\"Smart Leakage Sensor\",\"model\":\"LF-MI11-R2B8-1.0/0 ~±10mA\",\"number\":1,\"unit\":\"pc\",\"remark\":\"Each Power need 1\"},{\"title\":\"Smart Gateway\",\"model\":\"SLG-GW-220\",\"number\":1,\"unit\":\"set\",\"remark\":\"Each Power need 1\"},{\"title\":\"Gateway firmwawre\",\"model\":\"SLG-SW-V2.0\",\"number\":1,\"unit\":\"set\",\"remark\":\"Each Power need 1 set\"}],\"Engineering Installation\":[{\"title\":\"Network Communicate Cabinet\",\"model\":\"20U，with PDU, rail\",\"number\":1,\"unit\":\"set\",\"remark\":\"Each battery room need 1\"},{\"title\":\"Network Switch\",\"model\":\"\",\"number\":1,\"unit\":\"set\",\"remark\":\"Each battery room need 1\"},{\"title\":\"Engineering Accessories\",\"model\":\"\",\"number\":3,\"unit\":\"set\",\"remark\":\"Each Power need 1 set，Accounting for 10% of the smart system\"},{\"title\":\"Troughs\",\"model\":\"W40mm * H30mm\",\"number\":85,\"unit\":\"meter\",\"remark\":null}],\"System Platform\":[{\"title\":\"Platform Software\",\"model\":\"ECO Plus System Software Package\",\"number\":1,\"unit\":\"set\",\"remark\":\"Each project need 1 set\"}]}','2018-03-29 08:09:07','2018-03-29 08:09:07'),(58,'紫光-铁塔','{\"1台铁塔  电源 2组12V150Ah共8节电池\":[{\"title\":\"采集模块\",\"model\":\"SLSU4-12\",\"number\":2,\"unit\":\"个\",\"remark\":\"四只电池配一个采集模块\"},{\"title\":\"智能网关\",\"model\":\"SLG-GW-48-C202\",\"number\":1,\"unit\":\"台\",\"remark\":\"每台电源配1台\"},{\"title\":\"网关驱动软件\",\"model\":\"SLG-SW-V2.0\",\"number\":1,\"unit\":\"套\",\"remark\":\"每台电源配1套\"}],\"1台铁塔  电源 2组2V300Ah共48节电池\":[{\"title\":\"采集模块\",\"model\":\"SLSU4-2\",\"number\":12,\"unit\":\"个\",\"remark\":\"四只电池配一个采集模块\"},{\"title\":\"智能网关\",\"model\":\"SLG-GW-48-C202\",\"number\":1,\"unit\":\"台\",\"remark\":\"每台电源配1台\"},{\"title\":\"空调红外控制器\",\"model\":\"\",\"number\":1,\"unit\":\"台\",\"remark\":\"一个站点配一台\"},{\"title\":\"智能电表\",\"model\":\"\",\"number\":1,\"unit\":\"台\",\"remark\":\"广州雅达DTSD3366M-4-W1型三相四回路电能表，一个站点配一台\"},{\"title\":\"网关驱动软件\",\"model\":\"SLG-SW-V2.0\",\"number\":1,\"unit\":\"套\",\"remark\":\"每台电源配1套\"}],\"工程安装\":[{\"title\":\"工程辅料\",\"model\":\"\",\"number\":2,\"unit\":\"套\",\"remark\":\"每台电源配1套，按智能系统的10%进行核算\"},{\"title\":\"线槽\",\"model\":\"W40mm * H30mm\",\"number\":12,\"unit\":\"米\",\"remark\":null}],\"系统平台\":[{\"title\":\"网管平台软件\",\"model\":\"ECO Plus System Software Package\",\"number\":1,\"unit\":\"套\",\"remark\":\"一个项目配一套\"},{\"title\":\"NT服务器\",\"model\":\"6 cores CPU / 8 GB Memery/ 500GB Harddisk *2 RAID1/ 1U\",\"number\":1,\"unit\":\"套\",\"remark\":\"一个项目配一套\"},{\"title\":\"机架式一体机\",\"model\":\"KVM 17\\\" 显示器、键盘、鼠标\",\"number\":1,\"unit\":\"台\",\"remark\":\"一台服务器配一台\"}]}','2018-04-03 07:21:35','2018-04-03 07:21:35'),(59,'Joslin 216V300Ah UPS配置','{\"2 sets GUTOR 4300A Power 3 banks 2V300Ah 648 batteries in total\":[{\"title\":\"Acquisition module\",\"model\":\"SLSU4-2\",\"number\":162,\"unit\":\"pc\",\"remark\":\"Each 4 batteries need 1\"},{\"title\":\"Smart Hall Sensor\",\"model\":\"LF-DI12-R2-C32-1.0/0-±1000A\",\"number\":6,\"unit\":\"pc\",\"remark\":\"Each bank battery need 1\"},{\"title\":\"Smart Voltage Collector\",\"model\":\"LF-DV12-R2A1-0.2/0-1000V\",\"number\":2,\"unit\":\"pc\",\"remark\":\"Each Power need 1\"},{\"title\":\"Smart Leakage Sensor\",\"model\":\"LF-MI11-R2B8-1.0/0 ~±10mA\",\"number\":2,\"unit\":\"pc\",\"remark\":\"Each Power need 1\"},{\"title\":\"Smart Gateway\",\"model\":\"SLG-GW-220\",\"number\":2,\"unit\":\"set\",\"remark\":\"Each Power need 1\"},{\"title\":\"Gateway firmwawre\",\"model\":\"SLG-SW-V2.0\",\"number\":2,\"unit\":\"set\",\"remark\":\"Each Power need 1 set\"}],\"Engineering Installation\":[{\"title\":\"Network Communicate Cabinet\",\"model\":\"20U，with PDU, rail\",\"number\":2,\"unit\":\"set\",\"remark\":\"Each battery room need 1\"},{\"title\":\"Network Switch\",\"model\":\"\",\"number\":2,\"unit\":\"set\",\"remark\":\"Each battery room need 1\"},{\"title\":\"Engineering Accessories\",\"model\":\"\",\"number\":2,\"unit\":\"set\",\"remark\":\"Each Power need 1 set，Accounting for 10% of the smart system\"},{\"title\":\"Troughs\",\"model\":\"W50mm * H50mm\",\"number\":150,\"unit\":\"meter\",\"remark\":null}],\"System Platform\":[{\"title\":\"Platform Software\",\"model\":\"ECO Plus System Software Package\",\"number\":1,\"unit\":\"set\",\"remark\":\"Each project need 1 set\"},{\"title\":\"NT Server\",\"model\":\"6 cores CPU / 8 GB Memery/ 500GB Harddisk *2 RAID1/ 1U\",\"number\":1,\"unit\":\"set\",\"remark\":\"Each project need 1 set\"},{\"title\":\"KVM 17\' Computer\",\"model\":\"KVM 17\' monitor, keyboard and mouse\",\"number\":1,\"unit\":\"set\",\"remark\":\"Each server need 1\"},{\"title\":\"GSM Modem\",\"model\":\"ETPro-101Ai/Bi GSM Modem\",\"number\":1,\"unit\":\"set\",\"remark\":\"Each server need 1\"}],\"Spare Parts\":[{\"title\":\"Acquisition module\",\"model\":\"SLSU4-2\",\"number\":5,\"unit\":\"pc\",\"remark\":\"Each 4 batteries need 1\"}]}','2018-04-10 07:00:46','2018-04-10 07:00:46'),(60,'土耳其电信节能方案配置','{\"1 set Turkcell  Power 4 banks 12V100Ah 16 batteries in total\":[{\"title\":\"Acquisition module\",\"model\":\"SLSU4-12\",\"number\":4,\"unit\":\"pc\",\"remark\":\"Each 4 batteries need 1\"},{\"title\":\"Smart Gateway\",\"model\":\"SLG-GW-48-C102\",\"number\":1,\"unit\":\"set\",\"remark\":\"Each Power need 1\"},{\"title\":\"Air conditioning infrared controller\",\"model\":\"\",\"number\":1,\"unit\":\"set\",\"remark\":\"Each site need 1\"},{\"title\":\"Smart Electric Meter\",\"model\":\"\",\"number\":1,\"unit\":\"set\",\"remark\":\"DTSD3366M-4-W1，Each site need 1\"},{\"title\":\"Gateway firmwawre\",\"model\":\"SLG-SW-V2.0\",\"number\":1,\"unit\":\"set\",\"remark\":\"Each Power need 1 set\"}],\"Engineering Installation\":[{\"title\":\"Engineering Accessories\",\"model\":\"\",\"number\":1,\"unit\":\"set\",\"remark\":\"Each Power need 1 set，Accounting for 10% of the smart system\"},{\"title\":\"Troughs\",\"model\":\"W50mm * H50mm\",\"number\":2,\"unit\":\"meter\",\"remark\":null}],\"System Platform\":[{\"title\":\"Platform Software\",\"model\":\"ECO Plus System Software Package\",\"number\":1,\"unit\":\"set\",\"remark\":\"Each project need 1 set\"},{\"title\":\"GSM Modem\",\"model\":\"ETPro-101Ai/Bi GSM Modem\",\"number\":1,\"unit\":\"set\",\"remark\":\"Each server need 1\"}]}','2018-04-17 01:47:58','2018-04-17 01:47:58'),(61,'湖南云巢','{\"1台施耐德 G7000 电源 3组12V200Ah共126节电池\":[{\"title\":\"采集模块\",\"model\":\"SLSU4-12\",\"number\":33,\"unit\":\"个\",\"remark\":\"四只电池配一个采集模块\"},{\"title\":\"智能管理柜\",\"model\":\"SLC-630-3\",\"number\":1,\"unit\":\"台\",\"remark\":\"每台电源配1台\"},{\"title\":\"网关驱动软件\",\"model\":\"SLG-SW-V2.0\",\"number\":1,\"unit\":\"套\",\"remark\":\"每台电源配1套\"}],\"工程安装\":[{\"title\":\"通信柜\",\"model\":\"20U，带PDU、导轨\",\"number\":1,\"unit\":\"台\",\"remark\":\"每个电池房配1台\"},{\"title\":\"交换机\",\"model\":\"\",\"number\":1,\"unit\":\"台\",\"remark\":\"每个电池房配1台\"},{\"title\":\"工程辅料\",\"model\":\"\",\"number\":1,\"unit\":\"套\",\"remark\":\"每台电源配1套，按智能系统的10%进行核算\"},{\"title\":\"线槽\",\"model\":\"W50mm * H50mm\",\"number\":29,\"unit\":\"米\",\"remark\":null}],\"系统平台\":[{\"title\":\"网管平台软件\",\"model\":\"ECO Plus System Software Package\",\"number\":1,\"unit\":\"套\",\"remark\":\"一个项目配一套\"},{\"title\":\"NT服务器\",\"model\":\"6 cores CPU / 8 GB Memery/ 500GB Harddisk *2 RAID1/ 1U\",\"number\":1,\"unit\":\"套\",\"remark\":\"一个项目配一套\"},{\"title\":\"机架式一体机\",\"model\":\"KVM 17\\\" 显示器、键盘、鼠标\",\"number\":1,\"unit\":\"台\",\"remark\":\"一台服务器配一台\"},{\"title\":\"无线Modem\",\"model\":\"ETPro-101Ai/Bi GSM Modem\",\"number\":1,\"unit\":\"台\",\"remark\":\"一台服务器配一台\"}],\"备品\":[{\"title\":\"采集模块\",\"model\":\"SLSU4-12\",\"number\":1,\"unit\":\"个\",\"remark\":\"四只电池配一个采集模块\"}]}','2018-04-17 06:00:12','2018-04-17 06:00:12'),(62,'123','{\"123 sets 123  Power 2 banks 2V200Ah 5904 batteries in total\":[{\"title\":\"Acquisition module\",\"model\":\"SLSU4-2\",\"number\":1476,\"unit\":\"pc\",\"remark\":\"Each 4 batteries need 1\"},{\"title\":\"Smart Gateway\",\"model\":\"SLG-GW-48-C202\",\"number\":123,\"unit\":\"set\",\"remark\":\"Each Power need 1\"},{\"title\":\"Air conditioning infrared controller\",\"model\":\"\",\"number\":123,\"unit\":\"set\",\"remark\":\"Each site need 1\"},{\"title\":\"Smart Electric Meter\",\"model\":\"\",\"number\":123,\"unit\":\"set\",\"remark\":\"DTSD3366M-4-W1，Each site need 1\"},{\"title\":\"Smart Leakage Sensor\",\"model\":\"LF-MI11-R2B8-1.0/0 ~±10mA\",\"number\":123,\"unit\":\"pc\",\"remark\":\"Each Power need 1\"},{\"title\":\"Gateway firmwawre\",\"model\":\"SLG-SW-V2.0\",\"number\":123,\"unit\":\"set\",\"remark\":\"Each Power need 1 set\"}],\"Engineering Installation\":[{\"title\":\"Engineering Accessories\",\"model\":\"\",\"number\":123,\"unit\":\"set\",\"remark\":\"Each Power need 1 set，Accounting for 10% of the smart system\"},{\"title\":\"Troughs\",\"model\":\"W50mm * H50mm\",\"number\":169,\"unit\":\"meter\",\"remark\":null}],\"System Platform\":[{\"title\":\"Platform Software\",\"model\":\"ECO Plus System Software Package\",\"number\":1,\"unit\":\"set\",\"remark\":\"Each project need 1 set\"},{\"title\":\"NT Server\",\"model\":\"6 cores CPU / 8 GB Memery/ 500GB Harddisk *2 RAID1/ 1U\",\"number\":1,\"unit\":\"set\",\"remark\":\"Each project need 1 set\"},{\"title\":\"KVM 17\' Computer\",\"model\":\"KVM 17\' monitor, keyboard and mouse\",\"number\":1,\"unit\":\"set\",\"remark\":\"Each server need 1\"},{\"title\":\"GSM Modem\",\"model\":\"ETPro-101Ai/Bi GSM Modem\",\"number\":1,\"unit\":\"set\",\"remark\":\"Each server need 1\"}],\"Spare Parts\":[{\"title\":\"Acquisition module\",\"model\":\"SLSU4-2\",\"number\":45,\"unit\":\"pc\",\"remark\":\"Each 4 batteries need 1\"}]}','2018-04-17 06:00:52','2018-04-17 06:00:52'),(63,'湖南云巢1台600KVA','{\"1台VERTIV Liebert NX 电源 3组12V230Ah共126节电池\":[{\"title\":\"采集模块\",\"model\":\"SLSU4-12\",\"number\":33,\"unit\":\"个\",\"remark\":\"四只电池配一个采集模块\"},{\"title\":\"智能管理柜\",\"model\":\"SLC-800-3\",\"number\":1,\"unit\":\"台\",\"remark\":\"每台电源配1台\"},{\"title\":\"网关驱动软件\",\"model\":\"SLG-SW-V2.0\",\"number\":1,\"unit\":\"套\",\"remark\":\"每台电源配1套\"}],\"工程安装\":[{\"title\":\"通信柜\",\"model\":\"20U，带PDU、导轨\",\"number\":1,\"unit\":\"台\",\"remark\":\"每个电池房配1台\"},{\"title\":\"交换机\",\"model\":\"\",\"number\":1,\"unit\":\"台\",\"remark\":\"每个电池房配1台\"},{\"title\":\"工程辅料\",\"model\":\"\",\"number\":1,\"unit\":\"套\",\"remark\":\"每台电源配1套，按智能系统的10%进行核算\"},{\"title\":\"线槽\",\"model\":\"W50mm * H50mm\",\"number\":34,\"unit\":\"米\",\"remark\":null}],\"系统平台\":[{\"title\":\"网管平台软件\",\"model\":\"ECO Plus System Software Package\",\"number\":1,\"unit\":\"套\",\"remark\":\"一个项目配一套\"},{\"title\":\"NT服务器\",\"model\":\"6 cores CPU / 8 GB Memery/ 500GB Harddisk *2 RAID1/ 1U\",\"number\":1,\"unit\":\"套\",\"remark\":\"一个项目配一套\"},{\"title\":\"机架式一体机\",\"model\":\"KVM 17\\\" 显示器、键盘、鼠标\",\"number\":1,\"unit\":\"台\",\"remark\":\"一台服务器配一台\"},{\"title\":\"无线Modem\",\"model\":\"ETPro-101Ai/Bi GSM Modem\",\"number\":1,\"unit\":\"台\",\"remark\":\"一台服务器配一台\"}],\"备品\":[{\"title\":\"采集模块\",\"model\":\"SLSU4-12\",\"number\":1,\"unit\":\"个\",\"remark\":\"四只电池配一个采集模块\"}]}','2018-04-17 06:48:58','2018-04-17 06:48:58'),(64,'湖南云巢48V2000A开关电源','{\"10台台达 48V2000A 电源 2组2V2000Ah共480节电池\":[{\"title\":\"采集模块\",\"model\":\"SLSU4-2\",\"number\":120,\"unit\":\"个\",\"remark\":\"四只电池配一个采集模块\"},{\"title\":\"智能霍尔传感器\",\"model\":\"LF-DI12-R2-C32-1.0/0-±1000A\",\"number\":20,\"unit\":\"个\",\"remark\":\"每组电池配1个\"},{\"title\":\"智能电压采集器\",\"model\":\"LF-DV12-R2A1-0.2/0-1000V\",\"number\":10,\"unit\":\"个\",\"remark\":\"每台电源配1个\"},{\"title\":\"漏电流传感器\",\"model\":\"LF-MI11-R2B8-1.0/0 ~±10mA\",\"number\":10,\"unit\":\"个\",\"remark\":\"每台电源配1个\"},{\"title\":\"智能网关\",\"model\":\"SLG-GW-220-C\",\"number\":10,\"unit\":\"台\",\"remark\":\"每台电源配1台\"},{\"title\":\"网关驱动软件\",\"model\":\"SLG-SW-V2.0\",\"number\":10,\"unit\":\"套\",\"remark\":\"每台电源配1套\"}],\"工程安装\":[{\"title\":\"通信柜\",\"model\":\"20U，带PDU、导轨\",\"number\":2,\"unit\":\"台\",\"remark\":\"每个电池房配1台\"},{\"title\":\"交换机\",\"model\":\"\",\"number\":2,\"unit\":\"台\",\"remark\":\"每个电池房配1台\"},{\"title\":\"工程辅料\",\"model\":\"\",\"number\":10,\"unit\":\"套\",\"remark\":\"每台电源配1套，按智能系统的10%进行核算\"},{\"title\":\"线槽\",\"model\":\"W50mm * H50mm\",\"number\":96,\"unit\":\"米\",\"remark\":null}],\"系统平台\":[{\"title\":\"网管平台软件\",\"model\":\"ECO Plus System Software Package\",\"number\":1,\"unit\":\"套\",\"remark\":\"一个项目配一套\"},{\"title\":\"无线Modem\",\"model\":\"ETPro-101Ai/Bi GSM Modem\",\"number\":1,\"unit\":\"台\",\"remark\":\"一台服务器配一台\"}],\"备品\":[{\"title\":\"采集模块\",\"model\":\"SLSU4-2\",\"number\":4,\"unit\":\"个\",\"remark\":\"四只电池配一个采集模块\"}]}','2018-04-17 06:58:13','2018-04-17 06:58:13'),(65,'湖南云巢48V2000A开关电源','{\"10台台达 48V2000A 电源 2组2V2000Ah共480节电池\":[{\"title\":\"采集模块\",\"model\":\"SLSU4-2\",\"number\":120,\"unit\":\"个\",\"remark\":\"四只电池配一个采集模块\"},{\"title\":\"智能霍尔传感器\",\"model\":\"LF-DI12-R2-C32-1.0/0-±1000A\",\"number\":20,\"unit\":\"个\",\"remark\":\"每组电池配1个\"},{\"title\":\"智能电压采集器\",\"model\":\"LF-DV12-R2A1-0.2/0-1000V\",\"number\":10,\"unit\":\"个\",\"remark\":\"每台电源配1个\"},{\"title\":\"漏电流传感器\",\"model\":\"LF-MI11-R2B8-1.0/0 ~±10mA\",\"number\":10,\"unit\":\"个\",\"remark\":\"每台电源配1个\"},{\"title\":\"智能网关\",\"model\":\"SLG-GW-220-C\",\"number\":10,\"unit\":\"台\",\"remark\":\"每台电源配1台\"},{\"title\":\"网关驱动软件\",\"model\":\"SLG-SW-V2.0\",\"number\":10,\"unit\":\"套\",\"remark\":\"每台电源配1套\"}],\"工程安装\":[{\"title\":\"通信柜\",\"model\":\"20U，带PDU、导轨\",\"number\":2,\"unit\":\"台\",\"remark\":\"每个电池房配1台\"},{\"title\":\"交换机\",\"model\":\"\",\"number\":2,\"unit\":\"台\",\"remark\":\"每个电池房配1台\"},{\"title\":\"工程辅料\",\"model\":\"\",\"number\":10,\"unit\":\"套\",\"remark\":\"每台电源配1套，按智能系统的10%进行核算\"},{\"title\":\"线槽\",\"model\":\"W50mm * H50mm\",\"number\":96,\"unit\":\"米\",\"remark\":null}],\"系统平台\":[{\"title\":\"网管平台软件\",\"model\":\"ECO Plus System Software Package\",\"number\":1,\"unit\":\"套\",\"remark\":\"一个项目配一套\"},{\"title\":\"无线Modem\",\"model\":\"ETPro-101Ai/Bi GSM Modem\",\"number\":1,\"unit\":\"台\",\"remark\":\"一台服务器配一台\"}],\"备品\":[{\"title\":\"采集模块\",\"model\":\"SLSU4-2\",\"number\":4,\"unit\":\"个\",\"remark\":\"四只电池配一个采集模块\"}]}','2018-04-17 06:58:37','2018-04-17 06:58:37'),(66,'玉溪云巢1台500KVA','{\"1台EATON XXX 电源 3组12V200Ah共126节电池\":[{\"title\":\"采集模块\",\"model\":\"SLSU4-12\",\"number\":33,\"unit\":\"个\",\"remark\":\"四只电池配一个采集模块\"},{\"title\":\"汇流柜\",\"model\":\"BCC-630-3\",\"number\":1,\"unit\":\"台\",\"remark\":\"每台电源配1台\"},{\"title\":\"智能控制柜\",\"model\":\"SLC-1250-600\",\"number\":1,\"unit\":\"台\",\"remark\":\"每台电源配1台\"},{\"title\":\"网关驱动软件\",\"model\":\"SLG-SW-V2.0\",\"number\":1,\"unit\":\"套\",\"remark\":\"每台电源配1套\"}],\"工程安装\":[{\"title\":\"通信柜\",\"model\":\"20U，带PDU、导轨\",\"number\":1,\"unit\":\"台\",\"remark\":\"每个电池房配1台\"},{\"title\":\"交换机\",\"model\":\"\",\"number\":1,\"unit\":\"台\",\"remark\":\"每个电池房配1台\"},{\"title\":\"工程辅料\",\"model\":\"\",\"number\":1,\"unit\":\"套\",\"remark\":\"每台电源配1套，按智能系统的10%进行核算\"},{\"title\":\"线槽\",\"model\":\"W50mm * H50mm\",\"number\":29,\"unit\":\"米\",\"remark\":null}],\"系统平台\":[{\"title\":\"网管平台软件\",\"model\":\"ECO Plus System Software Package\",\"number\":1,\"unit\":\"套\",\"remark\":\"一个项目配一套\"},{\"title\":\"NT服务器\",\"model\":\"6 cores CPU / 8 GB Memery/ 500GB Harddisk *2 RAID1/ 1U\",\"number\":1,\"unit\":\"套\",\"remark\":\"一个项目配一套\"},{\"title\":\"机架式一体机\",\"model\":\"KVM 17\\\" 显示器、键盘、鼠标\",\"number\":1,\"unit\":\"台\",\"remark\":\"一台服务器配一台\"},{\"title\":\"无线Modem\",\"model\":\"ETPro-101Ai/Bi GSM Modem\",\"number\":1,\"unit\":\"台\",\"remark\":\"一台服务器配一台\"}],\"备品\":[{\"title\":\"采集模块\",\"model\":\"SLSU4-12\",\"number\":1,\"unit\":\"个\",\"remark\":\"四只电池配一个采集模块\"}]}','2018-04-18 03:21:49','2018-04-18 03:21:49'),(67,'玉溪1台600KVA','{\"1台EMERSON NS 电源 3组12V230Ah共126节电池\":[{\"title\":\"采集模块\",\"model\":\"SLSU4-12\",\"number\":33,\"unit\":\"个\",\"remark\":\"四只电池配一个采集模块\"},{\"title\":\"汇流柜\",\"model\":\"BCC-800-3\",\"number\":1,\"unit\":\"台\",\"remark\":\"每台电源配1台\"},{\"title\":\"智能控制柜\",\"model\":null,\"number\":1,\"unit\":\"台\",\"remark\":\"每台电源配1台\"},{\"title\":\"网关驱动软件\",\"model\":\"SLG-SW-V2.0\",\"number\":1,\"unit\":\"套\",\"remark\":\"每台电源配1套\"}],\"工程安装\":[{\"title\":\"通信柜\",\"model\":\"20U，带PDU、导轨\",\"number\":1,\"unit\":\"台\",\"remark\":\"每个电池房配1台\"},{\"title\":\"交换机\",\"model\":\"\",\"number\":1,\"unit\":\"台\",\"remark\":\"每个电池房配1台\"},{\"title\":\"工程辅料\",\"model\":\"\",\"number\":1,\"unit\":\"套\",\"remark\":\"每台电源配1套，按智能系统的10%进行核算\"},{\"title\":\"线槽\",\"model\":\"W50mm * H50mm\",\"number\":34,\"unit\":\"米\",\"remark\":null}],\"系统平台\":[{\"title\":\"网管平台软件\",\"model\":\"ECO Plus System Software Package\",\"number\":1,\"unit\":\"套\",\"remark\":\"一个项目配一套\"},{\"title\":\"NT服务器\",\"model\":\"6 cores CPU / 8 GB Memery/ 500GB Harddisk *2 RAID1/ 1U\",\"number\":1,\"unit\":\"套\",\"remark\":\"一个项目配一套\"},{\"title\":\"机架式一体机\",\"model\":\"KVM 17\\\" 显示器、键盘、鼠标\",\"number\":1,\"unit\":\"台\",\"remark\":\"一台服务器配一台\"},{\"title\":\"无线Modem\",\"model\":\"ETPro-101Ai/Bi GSM Modem\",\"number\":1,\"unit\":\"台\",\"remark\":\"一台服务器配一台\"}],\"备品\":[{\"title\":\"采集模块\",\"model\":\"SLSU4-12\",\"number\":1,\"unit\":\"个\",\"remark\":\"四只电池配一个采集模块\"}]}','2018-04-18 03:23:14','2018-04-18 03:23:14'),(68,'越南岘港数据中心','{\"2 sets Eaton 93PR-200-BF Power 1 banks 2V800Ah 480 batteries in total\":[{\"title\":\"Acquisition module\",\"model\":\"SLSU4-2\",\"number\":120,\"unit\":\"pc\",\"remark\":\"Each 4 batteries need 1\"},{\"title\":\"Smart Hall Sensor\",\"model\":\"LF-DI12-R2-C32-1.0/0-±1000A\",\"number\":2,\"unit\":\"pc\",\"remark\":\"Each bank battery need 1\"},{\"title\":\"Smart Control Cabinet\",\"model\":\"SLC-600-600\",\"number\":2,\"unit\":\"set\",\"remark\":\"Each Power need 1\"},{\"title\":\"Gateway firmwawre\",\"model\":\"SLG-SW-V2.0\",\"number\":2,\"unit\":\"set\",\"remark\":\"Each Power need 1 set\"}],\"2 sets Eaton DV2 Power 5 banks 2V3000Ah 240 batteries in total\":[{\"title\":\"Acquisition module\",\"model\":\"SLSU4-2\",\"number\":60,\"unit\":\"pc\",\"remark\":\"Each 4 batteries need 1\"},{\"title\":\"Smart Hall Sensor\",\"model\":\"LF-DI12-R2-C32-1.0/0-±1000A\",\"number\":10,\"unit\":\"pc\",\"remark\":\"Each bank battery need 1\"},{\"title\":\"Smart Control Cabinet\",\"model\":null,\"number\":2,\"unit\":\"set\",\"remark\":\"Each Power need 1\"},{\"title\":\"Gateway firmwawre\",\"model\":\"SLG-SW-V2.0\",\"number\":2,\"unit\":\"set\",\"remark\":\"Each Power need 1 set\"}],\"1 set Eaton DV2 Power 6 banks 2V3000Ah 144 batteries in total\":[{\"title\":\"Acquisition module\",\"model\":\"SLSU4-2\",\"number\":36,\"unit\":\"pc\",\"remark\":\"Each 4 batteries need 1\"},{\"title\":\"Smart Hall Sensor\",\"model\":\"LF-DI12-R2-C32-1.0/0-±1000A\",\"number\":6,\"unit\":\"pc\",\"remark\":\"Each bank battery need 1\"},{\"title\":\"Smart Control Cabinet\",\"model\":null,\"number\":1,\"unit\":\"set\",\"remark\":\"Each Power need 1\"},{\"title\":\"Gateway firmwawre\",\"model\":\"SLG-SW-V2.0\",\"number\":1,\"unit\":\"set\",\"remark\":\"Each Power need 1 set\"}],\"Engineering Installation\":[{\"title\":\"Network Communicate Cabinet\",\"model\":\"20U，with PDU, rail\",\"number\":1,\"unit\":\"set\",\"remark\":\"Each battery room need 1\"},{\"title\":\"Network Switch\",\"model\":\"\",\"number\":1,\"unit\":\"set\",\"remark\":\"Each battery room need 1\"},{\"title\":\"Engineering Accessories\",\"model\":\"\",\"number\":5,\"unit\":\"set\",\"remark\":\"Each Power need 1 set，Accounting for 10% of the smart system\"},{\"title\":\"Troughs\",\"model\":\"W50mm * H50mm\",\"number\":238,\"unit\":\"meter\",\"remark\":null}],\"System Platform\":[{\"title\":\"Platform Software\",\"model\":\"ECO Plus System Software Package\",\"number\":1,\"unit\":\"set\",\"remark\":\"Each project need 1 set\"},{\"title\":\"NT Server\",\"model\":\"6 cores CPU / 8 GB Memery/ 500GB Harddisk *2 RAID1/ 1U\",\"number\":1,\"unit\":\"set\",\"remark\":\"Each project need 1 set\"},{\"title\":\"KVM 17\' Computer\",\"model\":\"KVM 17\' monitor, keyboard and mouse\",\"number\":1,\"unit\":\"set\",\"remark\":\"Each server need 1\"}],\"Spare Parts\":[{\"title\":\"Acquisition module\",\"model\":\"SLSU4-2\",\"number\":7,\"unit\":\"pc\",\"remark\":\"Each 4 batteries need 1\"}]}','2018-04-19 08:32:56','2018-04-19 08:32:56'),(69,'越南岘港数据中心-2','{\"2 sets Eaton 93PR-200-BF Power 1 banks 2V800Ah 480 batteries in total\":[{\"title\":\"Acquisition module\",\"model\":\"SLSU4-2\",\"number\":120,\"unit\":\"pc\",\"remark\":\"Each 4 batteries need 1\"},{\"title\":\"Smart Hall Sensor\",\"model\":\"LF-DI12-R2-C32-1.0/0-±1000A\",\"number\":2,\"unit\":\"pc\",\"remark\":\"Each bank battery need 1\"},{\"title\":\"Smart Voltage Collector\",\"model\":\"LF-DV12-R2A1-0.2/0-1000V\",\"number\":2,\"unit\":\"pc\",\"remark\":\"Each Power need 1\"},{\"title\":\"Smart Leakage Sensor\",\"model\":\"LF-MI11-R2B8-1.0/0 ~±10mA\",\"number\":2,\"unit\":\"pc\",\"remark\":\"Each Power need 1\"},{\"title\":\"Smart Gateway\",\"model\":\"SLG-GW-220\",\"number\":2,\"unit\":\"set\",\"remark\":\"Each Power need 1\"},{\"title\":\"Gateway firmwawre\",\"model\":\"SLG-SW-V2.0\",\"number\":2,\"unit\":\"set\",\"remark\":\"Each Power need 1 set\"}],\"2 sets Eaton DV2 Power 5 banks 2V3000Ah 240 batteries in total\":[{\"title\":\"Acquisition module\",\"model\":\"SLSU4-2\",\"number\":60,\"unit\":\"pc\",\"remark\":\"Each 4 batteries need 1\"},{\"title\":\"Smart Hall Sensor\",\"model\":\"LF-DI12-R2-C32-1.0/0-±1000A\",\"number\":10,\"unit\":\"pc\",\"remark\":\"Each bank battery need 1\"},{\"title\":\"Smart Voltage Collector\",\"model\":\"LF-DV12-R2A1-0.2/0-1000V\",\"number\":2,\"unit\":\"pc\",\"remark\":\"Each Power need 1\"},{\"title\":\"Smart Leakage Sensor\",\"model\":\"LF-MI11-R2B8-1.0/0 ~±10mA\",\"number\":2,\"unit\":\"pc\",\"remark\":\"Each Power need 1\"},{\"title\":\"Smart Gateway\",\"model\":\"SLG-GW-220\",\"number\":2,\"unit\":\"set\",\"remark\":\"Each Power need 1\"},{\"title\":\"Gateway firmwawre\",\"model\":\"SLG-SW-V2.0\",\"number\":2,\"unit\":\"set\",\"remark\":\"Each Power need 1 set\"}],\"1 set Eaton DV2 Power 6 banks 2V3000Ah 144 batteries in total\":[{\"title\":\"Acquisition module\",\"model\":\"SLSU4-2\",\"number\":36,\"unit\":\"pc\",\"remark\":\"Each 4 batteries need 1\"},{\"title\":\"Smart Hall Sensor\",\"model\":\"LF-DI12-R2-C32-1.0/0-±1000A\",\"number\":6,\"unit\":\"pc\",\"remark\":\"Each bank battery need 1\"},{\"title\":\"Smart Voltage Collector\",\"model\":\"LF-DV12-R2A1-0.2/0-1000V\",\"number\":1,\"unit\":\"pc\",\"remark\":\"Each Power need 1\"},{\"title\":\"Smart Leakage Sensor\",\"model\":\"LF-MI11-R2B8-1.0/0 ~±10mA\",\"number\":1,\"unit\":\"pc\",\"remark\":\"Each Power need 1\"},{\"title\":\"Smart Gateway\",\"model\":\"SLG-GW-220\",\"number\":1,\"unit\":\"set\",\"remark\":\"Each Power need 1\"},{\"title\":\"Gateway firmwawre\",\"model\":\"SLG-SW-V2.0\",\"number\":1,\"unit\":\"set\",\"remark\":\"Each Power need 1 set\"}],\"Engineering Installation\":[{\"title\":\"Network Communicate Cabinet\",\"model\":\"20U，with PDU, rail\",\"number\":1,\"unit\":\"set\",\"remark\":\"Each battery room need 1\"},{\"title\":\"Network Switch\",\"model\":\"\",\"number\":1,\"unit\":\"set\",\"remark\":\"Each battery room need 1\"},{\"title\":\"Engineering Accessories\",\"model\":\"\",\"number\":5,\"unit\":\"set\",\"remark\":\"Each Power need 1 set，Accounting for 10% of the smart system\"},{\"title\":\"Troughs\",\"model\":\"W50mm * H50mm\",\"number\":238,\"unit\":\"meter\",\"remark\":null}],\"System Platform\":[{\"title\":\"Platform Software\",\"model\":\"ECO Plus System Software Package\",\"number\":1,\"unit\":\"set\",\"remark\":\"Each project need 1 set\"},{\"title\":\"NT Server\",\"model\":\"6 cores CPU / 8 GB Memery/ 500GB Harddisk *2 RAID1/ 1U\",\"number\":1,\"unit\":\"set\",\"remark\":\"Each project need 1 set\"},{\"title\":\"KVM 17\' Computer\",\"model\":\"KVM 17\' monitor, keyboard and mouse\",\"number\":1,\"unit\":\"set\",\"remark\":\"Each server need 1\"}],\"Spare Parts\":[{\"title\":\"Acquisition module\",\"model\":\"SLSU4-2\",\"number\":7,\"unit\":\"pc\",\"remark\":\"Each 4 batteries need 1\"}]}','2018-04-19 08:39:07','2018-04-19 08:39:07'),(70,'xxx','{\"1台xxx xxx 电源 1组12V150Ah共16节电池\":[{\"title\":\"采集模块\",\"model\":\"SLSU4-12\",\"number\":4,\"unit\":\"个\",\"remark\":\"四只电池配一个采集模块\"},{\"title\":\"智能霍尔传感器\",\"model\":\"LF-DI12-R2-C32-1.0/0-±1000A\",\"number\":1,\"unit\":\"个\",\"remark\":\"每组电池配1个\"},{\"title\":\"智能电压采集器\",\"model\":\"LF-DV12-R2A1-0.2/0-1000V\",\"number\":1,\"unit\":\"个\",\"remark\":\"每台电源配1个\"},{\"title\":\"漏电流传感器\",\"model\":\"LF-MI11-R2B8-1.0/0 ~±10mA\",\"number\":1,\"unit\":\"个\",\"remark\":\"每台电源配1个\"},{\"title\":\"智能网关\",\"model\":\"SLG-GW-220-C\",\"number\":1,\"unit\":\"台\",\"remark\":\"每台电源配1台\"},{\"title\":\"网关驱动软件\",\"model\":\"SLG-SW-V2.0\",\"number\":1,\"unit\":\"套\",\"remark\":\"每台电源配1套\"}],\"工程安装\":[{\"title\":\"通信柜\",\"model\":\"20U，带PDU、导轨\",\"number\":1,\"unit\":\"台\",\"remark\":\"每个电池房配1台\"},{\"title\":\"交换机\",\"model\":\"\",\"number\":1,\"unit\":\"台\",\"remark\":\"每个电池房配1台\"},{\"title\":\"工程辅料\",\"model\":\"\",\"number\":1,\"unit\":\"套\",\"remark\":\"每台电源配1套\"},{\"title\":\"线槽\",\"model\":\"W50mm * H50mm\",\"number\":9,\"unit\":\"米\",\"remark\":null}],\"系统平台\":[{\"title\":\"网管平台软件\",\"model\":\"ECO Plus System Software Package\",\"number\":1,\"unit\":\"套\",\"remark\":\"一个项目配一套\"}]}','2018-05-02 06:48:10','2018-05-02 06:48:10'),(71,'伊顿UPS项目','{\"6台伊顿 XXX 电源 3组12V200Ah共702节电池\":[{\"title\":\"采集模块\",\"model\":\"SLSU4-12\",\"number\":180,\"unit\":\"个\",\"remark\":\"四只电池配一个采集模块\"},{\"title\":\"智能管理柜\",\"model\":null,\"number\":6,\"unit\":\"台\",\"remark\":\"每台电源配1台\"},{\"title\":\"网关驱动软件\",\"model\":\"SLG-SW-V2.0\",\"number\":6,\"unit\":\"套\",\"remark\":\"每台电源配1套\"}],\"工程安装\":[{\"title\":\"通信柜\",\"model\":\"20U，带PDU、导轨\",\"number\":1,\"unit\":\"台\",\"remark\":\"每个电池房配1台\"},{\"title\":\"交换机\",\"model\":\"\",\"number\":1,\"unit\":\"台\",\"remark\":\"每个电池房配1台\"},{\"title\":\"工程辅料\",\"model\":\"\",\"number\":6,\"unit\":\"套\",\"remark\":\"每台电源配1套\"},{\"title\":\"线槽\",\"model\":\"W50mm * H50mm\",\"number\":410,\"unit\":\"米\",\"remark\":null}],\"系统平台\":[{\"title\":\"网管平台软件\",\"model\":\"ECO Plus System Software Package\",\"number\":1,\"unit\":\"套\",\"remark\":\"一个项目配一套\"}]}','2018-05-08 06:09:24','2018-05-08 06:09:24'),(72,'武汉新芯二期','{\"6台伊顿 xxx 电源 3组12V200Ah共702节电池\":[{\"title\":\"采集模块\",\"model\":\"SLSU4-12\",\"number\":180,\"unit\":\"个\",\"remark\":\"四只电池配一个采集模块\"},{\"title\":\"智能霍尔传感器\",\"model\":\"LF-DI12-R2-C32-1.0/0-±1000A\",\"number\":18,\"unit\":\"个\",\"remark\":\"每组电池配1个\"},{\"title\":\"智能电压采集器\",\"model\":\"LF-DV12-R2A1-0.2/0-1000V\",\"number\":6,\"unit\":\"个\",\"remark\":\"每台电源配1个\"},{\"title\":\"漏电流传感器\",\"model\":\"LF-MI11-R2B8-1.0/0 ~±10mA\",\"number\":6,\"unit\":\"个\",\"remark\":\"每台电源配1个\"},{\"title\":\"智能网关\",\"model\":\"SLG-GW-220-C\",\"number\":6,\"unit\":\"台\",\"remark\":\"每台电源配1台\"},{\"title\":\"网关驱动软件\",\"model\":\"SLG-SW-V2.0\",\"number\":6,\"unit\":\"套\",\"remark\":\"每台电源配1套\"}],\"1台伊顿 xxx 电源 2组12V150Ah共78节电池\":[{\"title\":\"采集模块\",\"model\":\"SLSU4-12\",\"number\":20,\"unit\":\"个\",\"remark\":\"四只电池配一个采集模块\"},{\"title\":\"智能霍尔传感器\",\"model\":\"LF-DI12-R2-C32-1.0/0-±1000A\",\"number\":2,\"unit\":\"个\",\"remark\":\"每组电池配1个\"},{\"title\":\"智能电压采集器\",\"model\":\"LF-DV12-R2A1-0.2/0-1000V\",\"number\":1,\"unit\":\"个\",\"remark\":\"每台电源配1个\"},{\"title\":\"漏电流传感器\",\"model\":\"LF-MI11-R2B8-1.0/0 ~±10mA\",\"number\":1,\"unit\":\"个\",\"remark\":\"每台电源配1个\"},{\"title\":\"智能网关\",\"model\":\"SLG-GW-220-C\",\"number\":1,\"unit\":\"台\",\"remark\":\"每台电源配1台\"},{\"title\":\"网关驱动软件\",\"model\":\"SLG-SW-V2.0\",\"number\":1,\"unit\":\"套\",\"remark\":\"每台电源配1套\"}],\"工程安装\":[{\"title\":\"通信柜\",\"model\":\"20U，带PDU、导轨\",\"number\":1,\"unit\":\"台\",\"remark\":\"每个电池房配1台\"},{\"title\":\"交换机\",\"model\":\"\",\"number\":1,\"unit\":\"台\",\"remark\":\"每个电池房配1台\"},{\"title\":\"工程辅料\",\"model\":\"\",\"number\":7,\"unit\":\"套\",\"remark\":\"每台电源配1套\"},{\"title\":\"线槽\",\"model\":\"W50mm * H50mm\",\"number\":221,\"unit\":\"米\",\"remark\":null}],\"系统平台\":[{\"title\":\"网管平台软件\",\"model\":\"ECO Plus System Software Package\",\"number\":1,\"unit\":\"套\",\"remark\":\"一个项目配一套\"},{\"title\":\"NT服务器\",\"model\":\"6 cores CPU / 8 GB Memery/ 500GB Harddisk *2 RAID1/ 1U\",\"number\":1,\"unit\":\"套\",\"remark\":\"一个项目配一套\"},{\"title\":\"机架式一体机\",\"model\":\"KVM 17\\\" 显示器、键盘、鼠标\",\"number\":1,\"unit\":\"台\",\"remark\":\"一台服务器配一台\"}],\"备品\":[{\"title\":\"采集模块\",\"model\":\"SLSU4-12\",\"number\":6,\"unit\":\"个\",\"remark\":\"四只电池配一个采集模块\"}]}','2018-05-09 06:13:37','2018-05-09 06:13:37'),(73,'天津公安局','{\"1台伊顿 9E 电源 1组2V1000Ah共240节电池\":[{\"title\":\"采集模块\",\"model\":\"SLSU4-2\",\"number\":60,\"unit\":\"个\",\"remark\":\"四只电池配一个采集模块\"},{\"title\":\"智能霍尔传感器\",\"model\":\"LF-DI12-R2-C32-1.0/0-±1000A\",\"number\":1,\"unit\":\"个\",\"remark\":\"每组电池配1个\"},{\"title\":\"智能电压采集器\",\"model\":\"LF-DV12-R2A1-0.2/0-1000V\",\"number\":1,\"unit\":\"个\",\"remark\":\"每台电源配1个\"},{\"title\":\"漏电流传感器\",\"model\":\"LF-MI11-R2B8-1.0/0 ~±10mA\",\"number\":1,\"unit\":\"个\",\"remark\":\"每台电源配1个\"},{\"title\":\"智能网关\",\"model\":\"SLG-GW-220\",\"number\":1,\"unit\":\"台\",\"remark\":\"每台电源配1台\"},{\"title\":\"网关驱动软件\",\"model\":\"SLG-SW-V2.0\",\"number\":1,\"unit\":\"套\",\"remark\":\"每台电源配1套\"}],\"工程安装\":[{\"title\":\"通信柜\",\"model\":\"20U，带PDU、导轨\",\"number\":1,\"unit\":\"台\",\"remark\":\"每个电池房配1台\"},{\"title\":\"交换机\",\"model\":\"\",\"number\":1,\"unit\":\"台\",\"remark\":\"每个电池房配1台\"},{\"title\":\"工程辅料\",\"model\":\"\",\"number\":1,\"unit\":\"套\",\"remark\":\"每台电源配1套\"},{\"title\":\"线槽\",\"model\":\"W50mm * H50mm\",\"number\":66,\"unit\":\"米\",\"remark\":null}],\"系统平台\":[{\"title\":\"网管平台软件\",\"model\":\"ECO Plus System Software Package\",\"number\":1,\"unit\":\"套\",\"remark\":\"一个项目配一套\"}],\"备品\":[{\"title\":\"采集模块\",\"model\":\"SLSU4-2\",\"number\":2,\"unit\":\"个\",\"remark\":\"四只电池配一个采集模块\"}]}','2018-05-14 08:45:15','2018-05-14 08:45:15'),(74,'柬埔寨','{\"75 sets Smart  Power 1 banks 2V800Ah 1800 batteries in total\":[{\"title\":\"Acquisition module\",\"model\":\"SLSU4-2\",\"number\":450,\"unit\":\"pc\",\"remark\":\"Each 4 batteries need 1\"},{\"title\":\"Smart Gateway\",\"model\":\"SLG-GW-48-C201\",\"number\":75,\"unit\":\"set\",\"remark\":\"Each Power need 1\"},{\"title\":\"Gateway firmwawre\",\"model\":\"SLG-SW-V2.0\",\"number\":75,\"unit\":\"set\",\"remark\":\"Each Power need 1 set\"}],\"193 sets Smart  Power 1 banks 2V800Ah 4632 batteries in total\":[{\"title\":\"Acquisition module\",\"model\":\"SLSU4-2\",\"number\":1158,\"unit\":\"pc\",\"remark\":\"Each 4 batteries need 1\"},{\"title\":\"Smart Gateway\",\"model\":\"SLG-GW-48-C101\",\"number\":193,\"unit\":\"set\",\"remark\":\"Each Power need 1\"},{\"title\":\"Gateway firmwawre\",\"model\":\"SLG-SW-V2.0\",\"number\":193,\"unit\":\"set\",\"remark\":\"Each Power need 1 set\"}],\"210 sets Smart  Power 4 banks 12V150Ah 3360 batteries in total\":[{\"title\":\"Acquisition module\",\"model\":\"SLSU4-12\",\"number\":840,\"unit\":\"pc\",\"remark\":\"Each 4 batteries need 1\"},{\"title\":\"Smart Gateway\",\"model\":\"SLG-GW-48-C102\",\"number\":210,\"unit\":\"set\",\"remark\":\"Each Power need 1\"},{\"title\":\"Gateway firmwawre\",\"model\":\"SLG-SW-V2.0\",\"number\":210,\"unit\":\"set\",\"remark\":\"Each Power need 1 set\"}],\"Engineering Installation\":[{\"title\":\"Engineering Accessories\",\"model\":\"\",\"number\":478,\"unit\":\"set\",\"remark\":\"Each Power need 1 set\"},{\"title\":\"Troughs\",\"model\":\"W50mm * H50mm\",\"number\":2090,\"unit\":\"meter\",\"remark\":null}],\"System Platform\":[{\"title\":\"Platform Software\",\"model\":\"ECO Plus System Software Package\",\"number\":1,\"unit\":\"set\",\"remark\":\"Each project need 1 set\"}],\"Spare Parts\":[{\"title\":\"Acquisition module\",\"model\":\"SLSU4-12\",\"number\":26,\"unit\":\"pc\",\"remark\":\"Each 4 batteries need 1\"},{\"title\":\"Acquisition module\",\"model\":\"SLSU4-2\",\"number\":49,\"unit\":\"pc\",\"remark\":\"Each 4 batteries need 1\"}]}','2018-05-25 07:02:06','2018-05-25 07:02:06'),(75,'越南岘港数据中心-2','{\"1台xxx xxx 电源 2组12V200Ah共64节电池\":[{\"title\":\"采集模块\",\"model\":\"SLSU4-12\",\"number\":16,\"unit\":\"个\",\"remark\":\"四只电池配一个采集模块\"},{\"title\":\"智能霍尔传感器\",\"model\":\"LF-DI12-R2-C32-1.0/0-±1000A\",\"number\":2,\"unit\":\"个\",\"remark\":\"每组电池配1个\"},{\"title\":\"智能电压采集器\",\"model\":\"LF-DV12-R2A1-0.2/0-1000V\",\"number\":1,\"unit\":\"个\",\"remark\":\"每台电源配1个\"},{\"title\":\"漏电流传感器\",\"model\":\"LF-MI11-R2B8-1.0/0 ~±10mA\",\"number\":1,\"unit\":\"个\",\"remark\":\"每台电源配1个\"},{\"title\":\"智能网关\",\"model\":\"SLG-GW-220-C\",\"number\":1,\"unit\":\"台\",\"remark\":\"每台电源配1台\"},{\"title\":\"网关驱动软件\",\"model\":\"SLG-SW-V2.0\",\"number\":1,\"unit\":\"套\",\"remark\":\"每台电源配1套\"}],\"工程安装\":[{\"title\":\"通信柜\",\"model\":\"20U，带PDU、导轨\",\"number\":1,\"unit\":\"台\",\"remark\":\"每个电池房配1台\"},{\"title\":\"交换机\",\"model\":\"\",\"number\":1,\"unit\":\"台\",\"remark\":\"每个电池房配1台\"},{\"title\":\"网线\",\"model\":\"CAT5 (5类)\",\"number\":10,\"unit\":\"米\",\"remark\":\"\"},{\"title\":\"水晶头\",\"model\":\"CAT5 (5类)\",\"number\":3,\"unit\":\"个\",\"remark\":\"\"},{\"title\":\"五芯通信线\",\"model\":\"\",\"number\":10,\"unit\":\"米\",\"remark\":\"\"},{\"title\":\"网关电源线\",\"model\":\"AC220V 1mm2\",\"number\":10,\"unit\":\"米\",\"remark\":\"\"},{\"title\":\"绝缘胶带(红)\",\"model\":\"红色\",\"number\":1,\"unit\":\"卷\",\"remark\":\"\"},{\"title\":\"绝缘胶带(蓝)\",\"model\":\"蓝色\",\"number\":1,\"unit\":\"卷\",\"remark\":\"\"},{\"title\":\"标签\",\"model\":\"白色P型A4线缆标签\",\"number\":1,\"unit\":\"张\",\"remark\":\"\"},{\"title\":\"扎带\",\"model\":\"5*300mm\",\"number\":3,\"unit\":\"包\",\"remark\":\"\"},{\"title\":\"线槽\",\"model\":\"W50mm * H50mm\",\"number\":15,\"unit\":\"米\",\"remark\":null}],\"系统平台\":[{\"title\":\"网管平台软件\",\"model\":\"ECO Plus System Software Package\",\"number\":1,\"unit\":\"套\",\"remark\":\"一个项目配一套\"}]}','2018-05-25 10:09:12','2018-05-25 10:09:12'),(76,'某电信机房','{\"1台xxx  电源 2组2V500Ah共48节电池\":[{\"title\":\"采集模块\",\"model\":\"SLSU4-2\",\"number\":12,\"unit\":\"个\",\"remark\":\"四只电池配一个采集模块\"},{\"title\":\"智能网关\",\"model\":\"SLG-GW-48-C102\",\"number\":1,\"unit\":\"台\",\"remark\":\"每台电源配1台\"},{\"title\":\"漏电流传感器\",\"model\":\"LF-MI11-R2B8-1.0/0 ~±10mA\",\"number\":1,\"unit\":\"个\",\"remark\":\"每台电源配1个\"},{\"title\":\"网关驱动软件\",\"model\":\"SLG-SW-V2.0\",\"number\":1,\"unit\":\"套\",\"remark\":\"每台电源配1套\"}],\"1台xxx  电源 2组2V1000Ah共48节电池\":[{\"title\":\"采集模块\",\"model\":\"SLSU4-2\",\"number\":12,\"unit\":\"个\",\"remark\":\"四只电池配一个采集模块\"},{\"title\":\"智能网关\",\"model\":\"SLG-GW-48-C102\",\"number\":1,\"unit\":\"台\",\"remark\":\"每台电源配1台\"},{\"title\":\"网关驱动软件\",\"model\":\"SLG-SW-V2.0\",\"number\":1,\"unit\":\"套\",\"remark\":\"每台电源配1套\"}],\"1台xxx  电源 2组2V2000Ah共48节电池\":[{\"title\":\"采集模块\",\"model\":\"SLSU4-2\",\"number\":12,\"unit\":\"个\",\"remark\":\"四只电池配一个采集模块\"},{\"title\":\"智能网关\",\"model\":\"SLG-GW-48-C102\",\"number\":1,\"unit\":\"台\",\"remark\":\"每台电源配1台\"},{\"title\":\"网关驱动软件\",\"model\":\"SLG-SW-V2.0\",\"number\":1,\"unit\":\"套\",\"remark\":\"每台电源配1套\"}],\"1台xxx  电源 2组2V3000Ah共48节电池\":[{\"title\":\"采集模块\",\"model\":\"SLSU4-2\",\"number\":12,\"unit\":\"个\",\"remark\":\"四只电池配一个采集模块\"},{\"title\":\"智能网关\",\"model\":\"SLG-GW-48-C102\",\"number\":1,\"unit\":\"台\",\"remark\":\"每台电源配1台\"},{\"title\":\"网关驱动软件\",\"model\":\"SLG-SW-V2.0\",\"number\":1,\"unit\":\"套\",\"remark\":\"每台电源配1套\"}],\"工程安装\":[{\"title\":\"五芯通信线\",\"model\":\"\",\"number\":50,\"unit\":\"米\",\"remark\":\"\"},{\"title\":\"网关电源线\",\"model\":\"AC220V 1mm2\",\"number\":50,\"unit\":\"米\",\"remark\":\"\"},{\"title\":\"绝缘胶带(红)\",\"model\":\"红色\",\"number\":5,\"unit\":\"卷\",\"remark\":\"\"},{\"title\":\"绝缘胶带(蓝)\",\"model\":\"蓝色\",\"number\":5,\"unit\":\"卷\",\"remark\":\"\"},{\"title\":\"标签\",\"model\":\"白色P型A4线缆标签\",\"number\":5,\"unit\":\"张\",\"remark\":\"\"},{\"title\":\"扎带\",\"model\":\"5*300mm\",\"number\":15,\"unit\":\"包\",\"remark\":\"\"},{\"title\":\"线槽\",\"model\":\"W50mm * H50mm\",\"number\":53,\"unit\":\"米\",\"remark\":null}],\"系统平台\":[{\"title\":\"网管平台软件\",\"model\":\"ECO Plus System Software Package\",\"number\":1,\"unit\":\"套\",\"remark\":\"一个项目配一套\"}]}','2018-05-30 02:01:19','2018-05-30 02:01:19'),(77,'泰国','{\"3 sets xxx  Power 2 banks 12V180Ah 24 batteries in total\":[{\"title\":\"Acquisition module\",\"model\":\"SLSU4-12\",\"number\":6,\"unit\":\"pc\",\"remark\":\"Each 4 batteries need 1\"},{\"title\":\"Smart Hall Sensor\",\"model\":\"LF-DI12-R2C31-1.0/0~±100A\",\"number\":6,\"unit\":\"pc\",\"remark\":\"Each bank battery need 1\"},{\"title\":\"Smart Gateway\",\"model\":\"SLG-GW-48\",\"number\":3,\"unit\":\"set\",\"remark\":\"Each Power need 1\"},{\"title\":\"Gateway firmwawre\",\"model\":\"SLG-SW-V2.0\",\"number\":3,\"unit\":\"set\",\"remark\":\"Each Power need 1 set\"}],\"Engineering Installation\":[{\"title\":\"Communication Cable\",\"model\":\"\",\"number\":30,\"unit\":\"meter\",\"remark\":\"\"},{\"title\":\"Gateway Power Cable\",\"model\":\"AC220V 1mm2\",\"number\":30,\"unit\":\"meter\",\"remark\":\"\"},{\"title\":\"Insulated Tape(Red)\",\"model\":\"red\",\"number\":3,\"unit\":\"pc\",\"remark\":\"\"},{\"title\":\"Insulated Tape(Blue)\",\"model\":\"Blue\",\"number\":3,\"unit\":\"pc\",\"remark\":\"\"},{\"title\":\"Label\",\"model\":\"White A4\",\"number\":3,\"unit\":\"pc\",\"remark\":\"\"},{\"title\":\"Tight Cable\",\"model\":\"5*300mm\",\"number\":9,\"unit\":\"pc\",\"remark\":\"\"},{\"title\":\"Troughs\",\"model\":\"W50mm * H50mm\",\"number\":6,\"unit\":\"meter\",\"remark\":null}],\"System Platform\":[{\"title\":\"Platform Software\",\"model\":\"ECO Plus System Software Package\",\"number\":1,\"unit\":\"set\",\"remark\":\"Each project need 1 set\"}]}','2018-06-04 05:52:23','2018-06-04 05:52:23'),(78,'泰国','{\"3 sets xxx  Power 2 banks 12V180Ah 24 batteries in total\":[{\"title\":\"Acquisition module\",\"model\":\"SLSU4-12\",\"number\":6,\"unit\":\"pc\",\"remark\":\"Each 4 batteries need 1\"},{\"title\":\"Smart Gateway\",\"model\":\"SLG-GW-48-C102\",\"number\":3,\"unit\":\"set\",\"remark\":\"Each Power need 1\"},{\"title\":\"Gateway firmwawre\",\"model\":\"SLG-SW-V2.0\",\"number\":3,\"unit\":\"set\",\"remark\":\"Each Power need 1 set\"}],\"Engineering Installation\":[{\"title\":\"Communication Cable\",\"model\":\"\",\"number\":30,\"unit\":\"meter\",\"remark\":\"\"},{\"title\":\"Gateway Power Cable\",\"model\":\"AC220V 1mm2\",\"number\":30,\"unit\":\"meter\",\"remark\":\"\"},{\"title\":\"Insulated Tape(Red)\",\"model\":\"red\",\"number\":3,\"unit\":\"pc\",\"remark\":\"\"},{\"title\":\"Insulated Tape(Blue)\",\"model\":\"Blue\",\"number\":3,\"unit\":\"pc\",\"remark\":\"\"},{\"title\":\"Label\",\"model\":\"White A4\",\"number\":3,\"unit\":\"pc\",\"remark\":\"\"},{\"title\":\"Tight Cable\",\"model\":\"5*300mm\",\"number\":9,\"unit\":\"pc\",\"remark\":\"\"},{\"title\":\"Troughs\",\"model\":\"W50mm * H50mm\",\"number\":6,\"unit\":\"meter\",\"remark\":null}],\"System Platform\":[{\"title\":\"Platform Software\",\"model\":\"ECO Plus System Software Package\",\"number\":1,\"unit\":\"set\",\"remark\":\"Each project need 1 set\"}]}','2018-06-04 05:54:15','2018-06-04 05:54:15'),(79,'泰昂能源','{\"1台xxx xxx 电源 1组2V200Ah共104节电池\":[{\"title\":\"采集模块\",\"model\":\"SLSU4-2\",\"number\":26,\"unit\":\"个\",\"remark\":\"四只电池配一个采集模块\"},{\"title\":\"控制箱\",\"model\":\"SLCB-200-220\",\"number\":1,\"unit\":\"台\",\"remark\":\"每台电源配1台\"},{\"title\":\"漏电流传感器\",\"model\":\"LF-MI11-R2B8-1.0/0 ~±10mA\",\"number\":1,\"unit\":\"个\",\"remark\":\"每台电源配1个\"},{\"title\":\"网关驱动软件\",\"model\":\"SLG-SW-V2.0\",\"number\":1,\"unit\":\"套\",\"remark\":\"每台电源配1套\"}],\"工程安装\":[{\"title\":\"通信柜\",\"model\":\"20U，带PDU、导轨\",\"number\":1,\"unit\":\"台\",\"remark\":\"每个电池房配1台\"},{\"title\":\"交换机\",\"model\":\"\",\"number\":1,\"unit\":\"台\",\"remark\":\"每个电池房配1台\"},{\"title\":\"网线\",\"model\":\"CAT5 (5类)\",\"number\":10,\"unit\":\"米\",\"remark\":\"\"},{\"title\":\"水晶头\",\"model\":\"CAT5 (5类)\",\"number\":3,\"unit\":\"个\",\"remark\":\"\"},{\"title\":\"五芯通信线\",\"model\":\"\",\"number\":10,\"unit\":\"米\",\"remark\":\"\"},{\"title\":\"网关电源线\",\"model\":\"AC220V 1mm2\",\"number\":10,\"unit\":\"米\",\"remark\":\"\"},{\"title\":\"绝缘胶带(红)\",\"model\":\"红色\",\"number\":1,\"unit\":\"卷\",\"remark\":\"\"},{\"title\":\"绝缘胶带(蓝)\",\"model\":\"蓝色\",\"number\":1,\"unit\":\"卷\",\"remark\":\"\"},{\"title\":\"标签\",\"model\":\"白色P型A4线缆标签\",\"number\":1,\"unit\":\"张\",\"remark\":\"\"},{\"title\":\"扎带\",\"model\":\"5*300mm\",\"number\":3,\"unit\":\"包\",\"remark\":\"\"},{\"title\":\"线槽\",\"model\":\"W50mm * H50mm\",\"number\":23,\"unit\":\"米\",\"remark\":null}],\"系统平台\":[{\"title\":\"网管平台软件\",\"model\":\"ECO Plus System Software Package\",\"number\":1,\"unit\":\"套\",\"remark\":\"一个项目配一套\"},{\"title\":\"NT服务器\",\"model\":\"6 cores CPU / 8 GB Memery/ 500GB Harddisk *2 RAID1/ 1U\",\"number\":1,\"unit\":\"套\",\"remark\":\"一个项目配一套\"},{\"title\":\"机架式一体机\",\"model\":\"KVM 17\\\" 显示器、键盘、鼠标\",\"number\":1,\"unit\":\"台\",\"remark\":\"一台服务器配一台\"}]}','2018-06-06 02:20:38','2018-06-06 02:20:38'),(80,'泰昂能源','{\"1台xxx  电源 1组12V20Ah共4节电池\":[{\"title\":\"采集模块\",\"model\":\"SLSU4-12\",\"number\":1,\"unit\":\"个\",\"remark\":\"四只电池配一个采集模块\"},{\"title\":\"智能网关\",\"model\":\"SLG-GW-48-C101\",\"number\":1,\"unit\":\"台\",\"remark\":\"每台电源配1台\"},{\"title\":\"漏电流传感器\",\"model\":\"LF-MI11-R2B8-1.0/0 ~±10mA\",\"number\":1,\"unit\":\"个\",\"remark\":\"每台电源配1个\"},{\"title\":\"网关驱动软件\",\"model\":\"SLG-SW-V2.0\",\"number\":1,\"unit\":\"套\",\"remark\":\"每台电源配1套\"}],\"1台xxx  电源 1组2V200Ah共24节电池\":[{\"title\":\"采集模块\",\"model\":\"SLSU4-2\",\"number\":6,\"unit\":\"个\",\"remark\":\"四只电池配一个采集模块\"},{\"title\":\"智能网关\",\"model\":\"SLG-GW-48-C201\",\"number\":1,\"unit\":\"台\",\"remark\":\"每台电源配1台\"},{\"title\":\"漏电流传感器\",\"model\":\"LF-MI11-R2B8-1.0/0 ~±10mA\",\"number\":1,\"unit\":\"个\",\"remark\":\"每台电源配1个\"},{\"title\":\"网关驱动软件\",\"model\":\"SLG-SW-V2.0\",\"number\":1,\"unit\":\"套\",\"remark\":\"每台电源配1套\"}],\"工程安装\":[{\"title\":\"五芯通信线\",\"model\":\"\",\"number\":20,\"unit\":\"米\",\"remark\":\"\"},{\"title\":\"网关电源线\",\"model\":\"AC220V 1mm2\",\"number\":20,\"unit\":\"米\",\"remark\":\"\"},{\"title\":\"绝缘胶带(红)\",\"model\":\"红色\",\"number\":2,\"unit\":\"卷\",\"remark\":\"\"},{\"title\":\"绝缘胶带(蓝)\",\"model\":\"蓝色\",\"number\":2,\"unit\":\"卷\",\"remark\":\"\"},{\"title\":\"标签\",\"model\":\"白色P型A4线缆标签\",\"number\":2,\"unit\":\"张\",\"remark\":\"\"},{\"title\":\"扎带\",\"model\":\"5*300mm\",\"number\":6,\"unit\":\"包\",\"remark\":\"\"},{\"title\":\"线槽\",\"model\":\"W50mm * H50mm\",\"number\":7,\"unit\":\"米\",\"remark\":null}],\"系统平台\":[{\"title\":\"网管平台软件\",\"model\":\"ECO Plus System Software Package\",\"number\":1,\"unit\":\"套\",\"remark\":\"一个项目配一套\"}]}','2018-06-06 02:28:18','2018-06-06 02:28:18'),(81,'某数据中心','{\"1台xxx xxx 电源 1组2V150Ah共32节电池\":[{\"title\":\"采集模块\",\"model\":\"SLSU4-2\",\"number\":8,\"unit\":\"个\",\"remark\":\"四只电池配一个采集模块\"},{\"title\":\"智能霍尔传感器\",\"model\":\"LF-DI12-R2-C32-1.0/0-±1000A\",\"number\":1,\"unit\":\"个\",\"remark\":\"每组电池配1个\"},{\"title\":\"智能电压采集器\",\"model\":\"LF-DV12-R2A1-0.2/0-1000V\",\"number\":1,\"unit\":\"个\",\"remark\":\"每台电源配1个\"},{\"title\":\"漏电流传感器\",\"model\":\"LF-MI11-R2B8-1.0/0 ~±10mA\",\"number\":1,\"unit\":\"个\",\"remark\":\"每台电源配1个\"},{\"title\":\"智能网关\",\"model\":\"SLG-GW-220\",\"number\":1,\"unit\":\"台\",\"remark\":\"每台电源配1台\"},{\"title\":\"网关驱动软件\",\"model\":\"SLG-SW-V2.0\",\"number\":1,\"unit\":\"套\",\"remark\":\"每台电源配1套\"}],\"工程安装\":[{\"title\":\"通信柜\",\"model\":\"20U，带PDU、导轨\",\"number\":1,\"unit\":\"台\",\"remark\":\"每个电池房配1台\"},{\"title\":\"交换机\",\"model\":\"\",\"number\":1,\"unit\":\"台\",\"remark\":\"每个电池房配1台\"},{\"title\":\"网线\",\"model\":\"CAT5 (5类)\",\"number\":10,\"unit\":\"米\",\"remark\":\"\"},{\"title\":\"水晶头\",\"model\":\"CAT5 (5类)\",\"number\":3,\"unit\":\"个\",\"remark\":\"\"},{\"title\":\"五芯通信线\",\"model\":\"\",\"number\":10,\"unit\":\"米\",\"remark\":\"\"},{\"title\":\"网关电源线\",\"model\":\"AC220V 1mm2\",\"number\":10,\"unit\":\"米\",\"remark\":\"\"},{\"title\":\"绝缘胶带(红)\",\"model\":\"红色\",\"number\":1,\"unit\":\"卷\",\"remark\":\"\"},{\"title\":\"绝缘胶带(蓝)\",\"model\":\"蓝色\",\"number\":1,\"unit\":\"卷\",\"remark\":\"\"},{\"title\":\"标签\",\"model\":\"白色P型A4线缆标签\",\"number\":1,\"unit\":\"张\",\"remark\":\"\"},{\"title\":\"扎带\",\"model\":\"5*300mm\",\"number\":3,\"unit\":\"包\",\"remark\":\"\"},{\"title\":\"线槽\",\"model\":\"W50mm * H50mm\",\"number\":8,\"unit\":\"米\",\"remark\":null}],\"系统平台\":[{\"title\":\"网管平台软件\",\"model\":\"ECO Plus System Software Package\",\"number\":1,\"unit\":\"套\",\"remark\":\"一个项目配一套\"}],\"备品\":[{\"title\":\"采集模块\",\"model\":\"SLSU4-2\",\"number\":1,\"unit\":\"个\",\"remark\":\"四只电池配一个采集模块\"}]}','2018-06-06 02:50:52','2018-06-06 02:50:52'),(82,'某数据中心','{\"1 set xxx xxx Power 1 banks 2V600Ah 60 batteries in total\":[{\"title\":\"Acquisition module\",\"model\":\"SLSU4-2\",\"number\":15,\"unit\":\"pc\",\"remark\":\"Each 4 batteries need 1\"},{\"title\":\"Smart Hall Sensor\",\"model\":\"LF-DI12-R2-C32-1.0/0-±1000A\",\"number\":1,\"unit\":\"pc\",\"remark\":\"Each bank battery need 1\"},{\"title\":\"Smart Voltage Collector\",\"model\":\"LF-DV12-R2A1-0.2/0-1000V\",\"number\":1,\"unit\":\"pc\",\"remark\":\"Each Power need 1\"},{\"title\":\"Smart Leakage Sensor\",\"model\":\"LF-MI11-R2B8-1.0/0 ~±10mA\",\"number\":1,\"unit\":\"pc\",\"remark\":\"Each Power need 1\"},{\"title\":\"Smart Gateway\",\"model\":\"SLG-GW-220\",\"number\":1,\"unit\":\"set\",\"remark\":\"Each Power need 1\"},{\"title\":\"Gateway firmwawre\",\"model\":\"SLG-SW-V2.0\",\"number\":1,\"unit\":\"set\",\"remark\":\"Each Power need 1 set\"}],\"Engineering Installation\":[{\"title\":\"Network Communicate Cabinet\",\"model\":\"20U，with PDU, rail\",\"number\":1,\"unit\":\"set\",\"remark\":\"Each battery room need 1\"},{\"title\":\"Network Switch\",\"model\":\"\",\"number\":1,\"unit\":\"set\",\"remark\":\"Each battery room need 1\"},{\"title\":\"Network Cable\",\"model\":\"CAT5\",\"number\":10,\"unit\":\"meter\",\"remark\":\"\"},{\"title\":\"Registered Jack\",\"model\":\"CAT5\",\"number\":3,\"unit\":\"pc\",\"remark\":\"\"},{\"title\":\"Communication Cable\",\"model\":\"\",\"number\":10,\"unit\":\"meter\",\"remark\":\"\"},{\"title\":\"Gateway Power Cable\",\"model\":\"AC220V 1mm2\",\"number\":10,\"unit\":\"meter\",\"remark\":\"\"},{\"title\":\"Insulated Tape(Red)\",\"model\":\"red\",\"number\":1,\"unit\":\"pc\",\"remark\":\"\"},{\"title\":\"Insulated Tape(Blue)\",\"model\":\"Blue\",\"number\":1,\"unit\":\"pc\",\"remark\":\"\"},{\"title\":\"Label\",\"model\":\"White A4\",\"number\":1,\"unit\":\"pc\",\"remark\":\"\"},{\"title\":\"Tight Cable\",\"model\":\"5*300mm\",\"number\":3,\"unit\":\"pc\",\"remark\":\"\"},{\"title\":\"Troughs\",\"model\":\"W50mm * H50mm\",\"number\":14,\"unit\":\"meter\",\"remark\":null}],\"System Platform\":[{\"title\":\"Platform Software\",\"model\":\"ECO Plus System Software Package\",\"number\":1,\"unit\":\"set\",\"remark\":\"Each project need 1 set\"},{\"title\":\"NT Server\",\"model\":\"6 cores CPU / 8 GB Memery/ 500GB Harddisk *2 RAID1/ 1U\",\"number\":1,\"unit\":\"set\",\"remark\":\"Each project need 1 set\"},{\"title\":\"KVM 17\' Computer\",\"model\":\"KVM 17\' monitor, keyboard and mouse\",\"number\":1,\"unit\":\"set\",\"remark\":\"Each server need 1\"},{\"title\":\"GSM Modem\",\"model\":\"ETPro-101Ai/Bi GSM Modem\",\"number\":1,\"unit\":\"set\",\"remark\":\"Each server need 1\"}]}','2018-06-11 02:18:18','2018-06-11 02:18:18'),(83,'柬埔寨客户QB','{\"1台QT  电源 1组12V200Ah共4节电池\":[{\"title\":\"采集模块\",\"model\":\"SLSU4-12\",\"number\":1,\"unit\":\"个\",\"remark\":\"四只电池配一个采集模块\"},{\"title\":\"智能霍尔传感器\",\"model\":\"LF-DI12-R2C31-1.0/0~±100A\",\"number\":1,\"unit\":\"个\",\"remark\":\"每组电池配1个\"},{\"title\":\"智能网关\",\"model\":\"SLG-GW-48\",\"number\":1,\"unit\":\"台\",\"remark\":\"每台电源配1台\"},{\"title\":\"网关驱动软件\",\"model\":\"SLG-SW-V2.0\",\"number\":1,\"unit\":\"套\",\"remark\":\"每台电源配1套\"}],\"工程安装\":[{\"title\":\"五芯通信线\",\"model\":\"\",\"number\":10,\"unit\":\"米\",\"remark\":\"\"},{\"title\":\"网关电源线\",\"model\":\"AC220V 1mm2\",\"number\":10,\"unit\":\"米\",\"remark\":\"\"},{\"title\":\"绝缘胶带(红)\",\"model\":\"红色\",\"number\":1,\"unit\":\"卷\",\"remark\":\"\"},{\"title\":\"绝缘胶带(蓝)\",\"model\":\"蓝色\",\"number\":1,\"unit\":\"卷\",\"remark\":\"\"},{\"title\":\"标签\",\"model\":\"白色P型A4线缆标签\",\"number\":1,\"unit\":\"张\",\"remark\":\"\"},{\"title\":\"扎带\",\"model\":\"5*300mm\",\"number\":3,\"unit\":\"包\",\"remark\":\"\"},{\"title\":\"线槽\",\"model\":\"W50mm * H50mm\",\"number\":1,\"unit\":\"米\",\"remark\":null}],\"系统平台\":[{\"title\":\"网管平台软件\",\"model\":\"ECO Plus System Software Package\",\"number\":1,\"unit\":\"套\",\"remark\":\"一个项目配一套\"},{\"title\":\"无线Modem\",\"model\":\"ETPro-101Ai/Bi GSM Modem\",\"number\":1,\"unit\":\"台\",\"remark\":\"一台服务器配一台\"}]}','2018-06-21 02:41:09','2018-06-21 02:41:09'),(84,'印尼java岛','{\"1 set xxx  Power 1 banks 12V100Ah 4 batteries in total\":[{\"title\":\"Acquisition module\",\"model\":\"SLSU4-12\",\"number\":1,\"unit\":\"pc\",\"remark\":\"Each 4 batteries need 1\"},{\"title\":\"Smart Hall Sensor\",\"model\":\"LF-DI12-R2C31-1.0/0~±100A\",\"number\":1,\"unit\":\"pc\",\"remark\":\"Each bank battery need 1\"},{\"title\":\"Smart Gateway\",\"model\":\"SLG-GW-48\",\"number\":1,\"unit\":\"set\",\"remark\":\"Each Power need 1\"},{\"title\":\"Gateway firmwawre\",\"model\":\"SLG-SW-V2.0\",\"number\":1,\"unit\":\"set\",\"remark\":\"Each Power need 1 set\"}],\"Engineering Installation\":[{\"title\":\"Communication Cable\",\"model\":\"\",\"number\":10,\"unit\":\"meter\",\"remark\":\"\"},{\"title\":\"Gateway Power Cable\",\"model\":\"AC220V 1mm2\",\"number\":10,\"unit\":\"meter\",\"remark\":\"\"},{\"title\":\"Insulated Tape(Red)\",\"model\":\"red\",\"number\":1,\"unit\":\"pc\",\"remark\":\"\"},{\"title\":\"Insulated Tape(Blue)\",\"model\":\"Blue\",\"number\":1,\"unit\":\"pc\",\"remark\":\"\"},{\"title\":\"Label\",\"model\":\"White A4\",\"number\":1,\"unit\":\"pc\",\"remark\":\"\"},{\"title\":\"Tight Cable\",\"model\":\"5*300mm\",\"number\":3,\"unit\":\"pc\",\"remark\":\"\"},{\"title\":\"Troughs\",\"model\":\"W50mm * H50mm\",\"number\":1,\"unit\":\"meter\",\"remark\":null}],\"System Platform\":[{\"title\":\"Platform Software\",\"model\":\"ECO Plus System Software Package\",\"number\":1,\"unit\":\"set\",\"remark\":\"Each project need 1 set\"}]}','2018-07-04 03:42:38','2018-07-04 03:42:38'),(85,'匈牙利电信数据机房','{\"25 sets Invitel  Power 2 banks 2V3000Ah 1200 batteries in total\":[{\"title\":\"Acquisition module\",\"model\":\"SLSU4-2\",\"number\":300,\"unit\":\"pc\",\"remark\":\"Each 4 batteries need 1\"},{\"title\":\"Smart Gateway\",\"model\":\"SLG-GW-48-C202\",\"number\":25,\"unit\":\"set\",\"remark\":\"Each Power need 1\"},{\"title\":\"Smart Leakage Sensor\",\"model\":\"LF-MI11-R2B8-1.0/0 ~±10mA\",\"number\":25,\"unit\":\"pc\",\"remark\":\"Each Power need 1\"},{\"title\":\"Gateway firmwawre\",\"model\":\"SLG-SW-V2.0\",\"number\":25,\"unit\":\"set\",\"remark\":\"Each Power need 1 set\"}],\"Engineering Installation\":[{\"title\":\"Communication Cable\",\"model\":\"\",\"number\":250,\"unit\":\"meter\",\"remark\":\"\"},{\"title\":\"Gateway Power Cable\",\"model\":\"AC220V 1mm2\",\"number\":250,\"unit\":\"meter\",\"remark\":\"\"},{\"title\":\"Insulated Tape(Red)\",\"model\":\"red\",\"number\":25,\"unit\":\"pc\",\"remark\":\"\"},{\"title\":\"Insulated Tape(Blue)\",\"model\":\"Blue\",\"number\":25,\"unit\":\"pc\",\"remark\":\"\"},{\"title\":\"Label\",\"model\":\"White A4\",\"number\":25,\"unit\":\"pc\",\"remark\":\"\"},{\"title\":\"Tight Cable\",\"model\":\"5*300mm\",\"number\":75,\"unit\":\"pc\",\"remark\":\"\"},{\"title\":\"Troughs\",\"model\":\"W50mm * H50mm\",\"number\":0,\"unit\":\"meter\",\"remark\":null}],\"System Platform\":[{\"title\":\"Platform Software\",\"model\":\"ECO Plus System Software Package\",\"number\":1,\"unit\":\"set\",\"remark\":\"Each project need 1 set\"},{\"title\":\"NT Server\",\"model\":\"6 cores CPU / 8 GB Memery/ 500GB Harddisk *2 RAID1/ 1U\",\"number\":1,\"unit\":\"set\",\"remark\":\"Each project need 1 set\"},{\"title\":\"KVM 17\' Computer\",\"model\":\"KVM 17\' monitor, keyboard and mouse\",\"number\":1,\"unit\":\"set\",\"remark\":\"Each server need 1\"},{\"title\":\"GSM Modem\",\"model\":\"ETPro-101Ai/Bi GSM Modem\",\"number\":1,\"unit\":\"set\",\"remark\":\"Each server need 1\"}],\"Spare Parts\":[{\"title\":\"Acquisition module\",\"model\":\"SLSU4-2\",\"number\":9,\"unit\":\"pc\",\"remark\":\"Each 4 batteries need 1\"}]}','2018-07-04 06:15:50','2018-07-04 06:15:50'),(86,'某电信','{\"1 set xxx  Power 8 banks 12V150Ah 32 batteries in total\":[{\"title\":\"Acquisition module\",\"model\":\"SLSU4-12\",\"number\":8,\"unit\":\"pc\",\"remark\":\"Each 4 batteries need 1\"},{\"title\":\"Smart Hall Sensor\",\"model\":\"LF-DI12-R2C31-1.0/0~±100A\",\"number\":8,\"unit\":\"pc\",\"remark\":\"Each bank battery need 1\"},{\"title\":\"Smart Gateway\",\"model\":\"SLG-GW-48\",\"number\":1,\"unit\":\"set\",\"remark\":\"Each Power need 1\"},{\"title\":\"Gateway firmwawre\",\"model\":\"SLG-SW-V2.0\",\"number\":1,\"unit\":\"set\",\"remark\":\"Each Power need 1 set\"}],\"1 set xxx  Power 8 banks 2V800Ah 192 batteries in total\":[{\"title\":\"Acquisition module\",\"model\":\"SLSU4-2\",\"number\":48,\"unit\":\"pc\",\"remark\":\"Each 4 batteries need 1\"},{\"title\":\"Smart Hall Sensor\",\"model\":\"LF-DI12-R2C31-1.0/0~±100A\",\"number\":8,\"unit\":\"pc\",\"remark\":\"Each bank battery need 1\"},{\"title\":\"Smart Gateway\",\"model\":\"SLG-GW-48\",\"number\":1,\"unit\":\"set\",\"remark\":\"Each Power need 1\"},{\"title\":\"Gateway firmwawre\",\"model\":\"SLG-SW-V2.0\",\"number\":1,\"unit\":\"set\",\"remark\":\"Each Power need 1 set\"}],\"Engineering Installation\":[{\"title\":\"Communication Cable\",\"model\":\"\",\"number\":20,\"unit\":\"meter\",\"remark\":\"\"},{\"title\":\"Gateway Power Cable\",\"model\":\"AC220V 1mm2\",\"number\":20,\"unit\":\"meter\",\"remark\":\"\"},{\"title\":\"Insulated Tape(Red)\",\"model\":\"red\",\"number\":2,\"unit\":\"pc\",\"remark\":\"\"},{\"title\":\"Insulated Tape(Blue)\",\"model\":\"Blue\",\"number\":2,\"unit\":\"pc\",\"remark\":\"\"},{\"title\":\"Label\",\"model\":\"White A4\",\"number\":2,\"unit\":\"pc\",\"remark\":\"\"},{\"title\":\"Tight Cable\",\"model\":\"5*300mm\",\"number\":6,\"unit\":\"pc\",\"remark\":\"\"},{\"title\":\"Troughs\",\"model\":\"W50mm * H50mm\",\"number\":58,\"unit\":\"meter\",\"remark\":null}],\"System Platform\":[{\"title\":\"Platform Software\",\"model\":\"ECO Plus System Software Package\",\"number\":1,\"unit\":\"set\",\"remark\":\"Each project need 1 set\"}]}','2018-07-06 07:04:04','2018-07-06 07:04:04'),(87,'缅甸太阳能','{\"1 set xxx xxx Power 1 banks 2V200Ah 120 batteries in total\":[{\"title\":\"Acquisition module\",\"model\":\"SLSU4-2\",\"number\":30,\"unit\":\"pc\",\"remark\":\"Each 4 batteries need 1\"},{\"title\":\"Smart Hall Sensor\",\"model\":\"LF-DI12-R2-C32-1.0/0-±1000A\",\"number\":1,\"unit\":\"pc\",\"remark\":\"Each bank battery need 1\"},{\"title\":\"Smart Voltage Collector\",\"model\":\"LF-DV12-R2A1-0.2/0-1000V\",\"number\":1,\"unit\":\"pc\",\"remark\":\"Each Power need 1\"},{\"title\":\"Smart Leakage Sensor\",\"model\":\"LF-MI11-R2B8-1.0/0 ~±10mA\",\"number\":1,\"unit\":\"pc\",\"remark\":\"Each Power need 1\"},{\"title\":\"Smart Gateway\",\"model\":\"SLG-GW-220\",\"number\":1,\"unit\":\"set\",\"remark\":\"Each Power need 1\"},{\"title\":\"Gateway firmwawre\",\"model\":\"SLG-SW-V2.0\",\"number\":1,\"unit\":\"set\",\"remark\":\"Each Power need 1 set\"}],\"Engineering Installation\":[{\"title\":\"Network Communicate Cabinet\",\"model\":\"20U，with PDU, rail\",\"number\":1,\"unit\":\"set\",\"remark\":\"Each battery room need 1\"},{\"title\":\"Network Switch\",\"model\":\"\",\"number\":1,\"unit\":\"set\",\"remark\":\"Each battery room need 1\"},{\"title\":\"Network Cable\",\"model\":\"CAT5\",\"number\":10,\"unit\":\"meter\",\"remark\":\"\"},{\"title\":\"Registered Jack\",\"model\":\"CAT5\",\"number\":3,\"unit\":\"pc\",\"remark\":\"\"},{\"title\":\"Communication Cable\",\"model\":\"\",\"number\":10,\"unit\":\"meter\",\"remark\":\"\"},{\"title\":\"Gateway Power Cable\",\"model\":\"AC220V 1mm2\",\"number\":10,\"unit\":\"meter\",\"remark\":\"\"},{\"title\":\"Insulated Tape(Red)\",\"model\":\"red\",\"number\":1,\"unit\":\"pc\",\"remark\":\"\"},{\"title\":\"Insulated Tape(Blue)\",\"model\":\"Blue\",\"number\":1,\"unit\":\"pc\",\"remark\":\"\"},{\"title\":\"Label\",\"model\":\"White A4\",\"number\":1,\"unit\":\"pc\",\"remark\":\"\"},{\"title\":\"Tight Cable\",\"model\":\"5*300mm\",\"number\":3,\"unit\":\"pc\",\"remark\":\"\"},{\"title\":\"Troughs\",\"model\":\"W50mm * H50mm\",\"number\":27,\"unit\":\"meter\",\"remark\":null}],\"System Platform\":[{\"title\":\"Platform Software\",\"model\":\"ECO Plus System Software Package\",\"number\":1,\"unit\":\"set\",\"remark\":\"Each project need 1 set\"}]}','2018-07-06 07:10:35','2018-07-06 07:10:35'),(88,'某UPS','{\"1 set xxx xxx Power 8 banks 12V200Ah 320 batteries in total\":[{\"title\":\"Acquisition module\",\"model\":\"SLSU4-12\",\"number\":80,\"unit\":\"pc\",\"remark\":\"Each 4 batteries need 1\"},{\"title\":\"Smart Hall Sensor\",\"model\":\"LF-DI12-R2-C32-1.0/0-±1000A\",\"number\":8,\"unit\":\"pc\",\"remark\":\"Each bank battery need 1\"},{\"title\":\"Smart Voltage Collector\",\"model\":\"LF-DV12-R2A1-0.2/0-1000V\",\"number\":1,\"unit\":\"pc\",\"remark\":\"Each Power need 1\"},{\"title\":\"Smart Leakage Sensor\",\"model\":\"LF-MI11-R2B8-1.0/0 ~±10mA\",\"number\":1,\"unit\":\"pc\",\"remark\":\"Each Power need 1\"},{\"title\":\"Smart Gateway\",\"model\":\"SLG-GW-220\",\"number\":1,\"unit\":\"set\",\"remark\":\"Each Power need 1\"},{\"title\":\"Gateway firmwawre\",\"model\":\"SLG-SW-V2.0\",\"number\":1,\"unit\":\"set\",\"remark\":\"Each Power need 1 set\"}],\"Engineering Installation\":[{\"title\":\"Network Communicate Cabinet\",\"model\":\"20U，with PDU, rail\",\"number\":1,\"unit\":\"set\",\"remark\":\"Each battery room need 1\"},{\"title\":\"Network Switch\",\"model\":\"\",\"number\":1,\"unit\":\"set\",\"remark\":\"Each battery room need 1\"},{\"title\":\"Network Cable\",\"model\":\"CAT5\",\"number\":10,\"unit\":\"meter\",\"remark\":\"\"},{\"title\":\"Registered Jack\",\"model\":\"CAT5\",\"number\":3,\"unit\":\"pc\",\"remark\":\"\"},{\"title\":\"Communication Cable\",\"model\":\"\",\"number\":10,\"unit\":\"meter\",\"remark\":\"\"},{\"title\":\"Gateway Power Cable\",\"model\":\"AC220V 1mm2\",\"number\":10,\"unit\":\"meter\",\"remark\":\"\"},{\"title\":\"Insulated Tape(Red)\",\"model\":\"red\",\"number\":1,\"unit\":\"pc\",\"remark\":\"\"},{\"title\":\"Insulated Tape(Blue)\",\"model\":\"Blue\",\"number\":1,\"unit\":\"pc\",\"remark\":\"\"},{\"title\":\"Label\",\"model\":\"White A4\",\"number\":1,\"unit\":\"pc\",\"remark\":\"\"},{\"title\":\"Tight Cable\",\"model\":\"5*300mm\",\"number\":3,\"unit\":\"pc\",\"remark\":\"\"},{\"title\":\"Troughs\",\"model\":\"W50mm * H50mm\",\"number\":71,\"unit\":\"meter\",\"remark\":null}],\"System Platform\":[{\"title\":\"Platform Software\",\"model\":\"ECO Plus System Software Package\",\"number\":1,\"unit\":\"set\",\"remark\":\"Each project need 1 set\"}]}','2018-07-06 07:16:37','2018-07-06 07:16:37'),(90,'匈牙利数据中心','{\"1 set xxx xxx Power 2 banks 2V3000Ah 50 batteries in total\":[{\"title\":\"Acquisition module\",\"model\":\"SLSU4-2\",\"number\":14,\"unit\":\"pc\",\"remark\":\"Each 4 batteries need 1\"},{\"title\":\"Smart Hall Sensor\",\"model\":\"LF-DI12-R2-C32-1.0/0-±1000A\",\"number\":2,\"unit\":\"pc\",\"remark\":\"Each bank battery need 1\"},{\"title\":\"Smart Voltage Collector\",\"model\":\"LF-DV12-R2A1-0.2/0-1000V\",\"number\":1,\"unit\":\"pc\",\"remark\":\"Each Power need 1\"},{\"title\":\"Smart Leakage Sensor\",\"model\":\"LF-MI11-R2B8-1.0/0 ~±10mA\",\"number\":1,\"unit\":\"pc\",\"remark\":\"Each Power need 1\"},{\"title\":\"Smart Gateway\",\"model\":\"SLG-GW-220\",\"number\":1,\"unit\":\"set\",\"remark\":\"Each Power need 1\"},{\"title\":\"Gateway firmwawre\",\"model\":\"SLG-SW-V2.0\",\"number\":1,\"unit\":\"set\",\"remark\":\"Each Power need 1 set\"}],\"Engineering Installation\":[{\"title\":\"Network Communicate Cabinet\",\"model\":\"20U，with PDU, rail\",\"number\":1,\"unit\":\"set\",\"remark\":\"Each battery room need 1\"},{\"title\":\"Network Switch\",\"model\":\"\",\"number\":1,\"unit\":\"set\",\"remark\":\"Each battery room need 1\"},{\"title\":\"Network Cable\",\"model\":\"CAT5\",\"number\":10,\"unit\":\"meter\",\"remark\":\"\"},{\"title\":\"Registered Jack\",\"model\":\"CAT5\",\"number\":3,\"unit\":\"pc\",\"remark\":\"\"},{\"title\":\"Communication Cable\",\"model\":\"\",\"number\":10,\"unit\":\"meter\",\"remark\":\"\"},{\"title\":\"Gateway Power Cable\",\"model\":\"AC220V 1mm2\",\"number\":10,\"unit\":\"meter\",\"remark\":\"\"},{\"title\":\"Insulated Tape(Red)\",\"model\":\"red\",\"number\":1,\"unit\":\"pc\",\"remark\":\"\"},{\"title\":\"Insulated Tape(Blue)\",\"model\":\"Blue\",\"number\":1,\"unit\":\"pc\",\"remark\":\"\"},{\"title\":\"Label\",\"model\":\"White A4\",\"number\":1,\"unit\":\"pc\",\"remark\":\"\"},{\"title\":\"Tight Cable\",\"model\":\"5*300mm\",\"number\":3,\"unit\":\"pc\",\"remark\":\"\"},{\"title\":\"Troughs\",\"model\":\"W50mm * H50mm\",\"number\":11,\"unit\":\"meter\",\"remark\":null}],\"System Platform\":[{\"title\":\"Platform Software\",\"model\":\"ECO Plus System Software Package\",\"number\":1,\"unit\":\"set\",\"remark\":\"Each project need 1 set\"}]}','2018-07-10 12:21:53','2018-07-10 12:21:53'),(91,'黎巴嫩太阳能','{\"6 sets xxx  Power 1 banks 2V1000Ah 144 batteries in total\":[{\"title\":\"Acquisition module\",\"model\":\"SLSU4-2\",\"number\":36,\"unit\":\"pc\",\"remark\":\"Each 4 batteries need 1\"},{\"title\":\"Smart Hall Sensor\",\"model\":\"LF-DI12-R2C31-1.0/0~±100A\",\"number\":6,\"unit\":\"pc\",\"remark\":\"Each bank battery need 1\"},{\"title\":\"Smart Gateway\",\"model\":\"SLG-GW-48\",\"number\":6,\"unit\":\"set\",\"remark\":\"Each Power need 1\"},{\"title\":\"Gateway firmwawre\",\"model\":\"SLG-SW-V2.0\",\"number\":6,\"unit\":\"set\",\"remark\":\"Each Power need 1 set\"}],\"Engineering Installation\":[{\"title\":\"Communication Cable\",\"model\":\"\",\"number\":60,\"unit\":\"meter\",\"remark\":\"\"},{\"title\":\"Gateway Power Cable\",\"model\":\"AC220V 1mm2\",\"number\":60,\"unit\":\"meter\",\"remark\":\"\"},{\"title\":\"Insulated Tape(Red)\",\"model\":\"red\",\"number\":6,\"unit\":\"pc\",\"remark\":\"\"},{\"title\":\"Insulated Tape(Blue)\",\"model\":\"Blue\",\"number\":6,\"unit\":\"pc\",\"remark\":\"\"},{\"title\":\"Label\",\"model\":\"White A4\",\"number\":6,\"unit\":\"pc\",\"remark\":\"\"},{\"title\":\"Tight Cable\",\"model\":\"5*300mm\",\"number\":18,\"unit\":\"pc\",\"remark\":\"\"},{\"title\":\"Troughs\",\"model\":\"W50mm * H50mm\",\"number\":32,\"unit\":\"meter\",\"remark\":null}],\"System Platform\":[{\"title\":\"Platform Software\",\"model\":\"ECO Plus System Software Package\",\"number\":1,\"unit\":\"set\",\"remark\":\"Each project need 1 set\"}]}','2018-07-31 03:22:52','2018-07-31 03:22:52'),(92,'马来光纤运营商数据机房','{\"1 set xxx xxx Power 4 banks 12V235Ah 176 batteries in total\":[{\"title\":\"Acquisition module\",\"model\":\"SLSU4-12\",\"number\":44,\"unit\":\"pc\",\"remark\":\"Each 4 batteries need 1\"},{\"title\":\"Smart Hall Sensor\",\"model\":\"LF-DI12-R2-C32-1.0/0-±1000A\",\"number\":4,\"unit\":\"pc\",\"remark\":\"Each bank battery need 1\"},{\"title\":\"Smart Voltage Collector\",\"model\":\"LF-DV12-R2A1-0.2/0-1000V\",\"number\":1,\"unit\":\"pc\",\"remark\":\"Each Power need 1\"},{\"title\":\"Smart Leakage Sensor\",\"model\":\"LF-MI11-R2B8-1.0/0 ~±10mA\",\"number\":1,\"unit\":\"pc\",\"remark\":\"Each Power need 1\"},{\"title\":\"Smart Gateway\",\"model\":\"SLG-GW-220\",\"number\":1,\"unit\":\"set\",\"remark\":\"Each Power need 1\"},{\"title\":\"Gateway firmwawre\",\"model\":\"SLG-SW-V2.0\",\"number\":1,\"unit\":\"set\",\"remark\":\"Each Power need 1 set\"}],\"2 sets xxx xxx Power 1 banks 12V205Ah 80 batteries in total\":[{\"title\":\"Acquisition module\",\"model\":\"SLSU4-12\",\"number\":20,\"unit\":\"pc\",\"remark\":\"Each 4 batteries need 1\"},{\"title\":\"Smart Hall Sensor\",\"model\":\"LF-DI12-R2-C32-1.0/0-±1000A\",\"number\":2,\"unit\":\"pc\",\"remark\":\"Each bank battery need 1\"},{\"title\":\"Smart Voltage Collector\",\"model\":\"LF-DV12-R2A1-0.2/0-1000V\",\"number\":2,\"unit\":\"pc\",\"remark\":\"Each Power need 1\"},{\"title\":\"Smart Leakage Sensor\",\"model\":\"LF-MI11-R2B8-1.0/0 ~±10mA\",\"number\":2,\"unit\":\"pc\",\"remark\":\"Each Power need 1\"},{\"title\":\"Smart Gateway\",\"model\":\"SLG-GW-220\",\"number\":2,\"unit\":\"set\",\"remark\":\"Each Power need 1\"},{\"title\":\"Gateway firmwawre\",\"model\":\"SLG-SW-V2.0\",\"number\":2,\"unit\":\"set\",\"remark\":\"Each Power need 1 set\"}],\"2 sets xxx xxx Power 2 banks 12V235Ah 136 batteries in total\":[{\"title\":\"Acquisition module\",\"model\":\"SLSU4-12\",\"number\":36,\"unit\":\"pc\",\"remark\":\"Each 4 batteries need 1\"},{\"title\":\"Smart Hall Sensor\",\"model\":\"LF-DI12-R2-C32-1.0/0-±1000A\",\"number\":4,\"unit\":\"pc\",\"remark\":\"Each bank battery need 1\"},{\"title\":\"Smart Voltage Collector\",\"model\":\"LF-DV12-R2A1-0.2/0-1000V\",\"number\":2,\"unit\":\"pc\",\"remark\":\"Each Power need 1\"},{\"title\":\"Smart Leakage Sensor\",\"model\":\"LF-MI11-R2B8-1.0/0 ~±10mA\",\"number\":2,\"unit\":\"pc\",\"remark\":\"Each Power need 1\"},{\"title\":\"Smart Gateway\",\"model\":\"SLG-GW-220\",\"number\":2,\"unit\":\"set\",\"remark\":\"Each Power need 1\"},{\"title\":\"Gateway firmwawre\",\"model\":\"SLG-SW-V2.0\",\"number\":2,\"unit\":\"set\",\"remark\":\"Each Power need 1 set\"}],\"Engineering Installation\":[{\"title\":\"Network Communicate Cabinet\",\"model\":\"20U，with PDU, rail\",\"number\":1,\"unit\":\"set\",\"remark\":\"Each battery room need 1\"},{\"title\":\"Network Switch\",\"model\":\"\",\"number\":1,\"unit\":\"set\",\"remark\":\"Each battery room need 1\"},{\"title\":\"Network Cable\",\"model\":\"CAT5\",\"number\":50,\"unit\":\"meter\",\"remark\":\"\"},{\"title\":\"Registered Jack\",\"model\":\"CAT5\",\"number\":15,\"unit\":\"pc\",\"remark\":\"\"},{\"title\":\"Communication Cable\",\"model\":\"\",\"number\":50,\"unit\":\"meter\",\"remark\":\"\"},{\"title\":\"Gateway Power Cable\",\"model\":\"AC220V 1mm2\",\"number\":50,\"unit\":\"meter\",\"remark\":\"\"},{\"title\":\"Insulated Tape(Red)\",\"model\":\"red\",\"number\":5,\"unit\":\"pc\",\"remark\":\"\"},{\"title\":\"Insulated Tape(Blue)\",\"model\":\"Blue\",\"number\":5,\"unit\":\"pc\",\"remark\":\"\"},{\"title\":\"Label\",\"model\":\"White A4\",\"number\":5,\"unit\":\"pc\",\"remark\":\"\"},{\"title\":\"Tight Cable\",\"model\":\"5*300mm\",\"number\":15,\"unit\":\"pc\",\"remark\":\"\"},{\"title\":\"Troughs\",\"model\":\"W50mm * H50mm\",\"number\":108,\"unit\":\"meter\",\"remark\":null}],\"System Platform\":[{\"title\":\"Platform Software\",\"model\":\"ECO Plus System Software Package\",\"number\":1,\"unit\":\"set\",\"remark\":\"Each project need 1 set\"},{\"title\":\"NT Server\",\"model\":\"6 cores CPU / 8 GB Memery/ 500GB Harddisk *2 RAID1/ 1U\",\"number\":1,\"unit\":\"set\",\"remark\":\"Each project need 1 set\"},{\"title\":\"KVM 17\' Computer\",\"model\":\"KVM 17\' monitor, keyboard and mouse\",\"number\":1,\"unit\":\"set\",\"remark\":\"Each server need 1\"}],\"Spare Parts\":[{\"title\":\"Acquisition module\",\"model\":\"SLSU4-12\",\"number\":3,\"unit\":\"pc\",\"remark\":\"Each 4 batteries need 1\"}]}','2018-08-01 14:44:41','2018-08-01 14:44:41'),(93,'某UPS','{\"1 set xxx xxx Power 2 banks 12V100Ah 80 batteries in total\":[{\"title\":\"Acquisition module\",\"model\":\"SLSU4-12\",\"number\":20,\"unit\":\"pc\",\"remark\":\"Each 4 batteries need 1\"},{\"title\":\"Smart Hall Sensor\",\"model\":\"LF-DI12-R2-C32-1.0/0-±1000A\",\"number\":2,\"unit\":\"pc\",\"remark\":\"Each bank battery need 1\"},{\"title\":\"Smart Voltage Collector\",\"model\":\"LF-DV12-R2A1-0.2/0-1000V\",\"number\":1,\"unit\":\"pc\",\"remark\":\"Each Power need 1\"},{\"title\":\"Smart Leakage Sensor\",\"model\":\"LF-MI11-R2B8-1.0/0 ~±10mA\",\"number\":1,\"unit\":\"pc\",\"remark\":\"Each Power need 1\"},{\"title\":\"Smart Gateway\",\"model\":\"SLG-GW-220\",\"number\":1,\"unit\":\"set\",\"remark\":\"Each Power need 1\"},{\"title\":\"Gateway firmwawre\",\"model\":\"SLG-SW-V2.0\",\"number\":1,\"unit\":\"set\",\"remark\":\"Each Power need 1 set\"}],\"Engineering Installation\":[{\"title\":\"Network Communicate Cabinet\",\"model\":\"20U，with PDU, rail\",\"number\":1,\"unit\":\"set\",\"remark\":\"Each battery room need 1\"},{\"title\":\"Network Switch\",\"model\":\"\",\"number\":1,\"unit\":\"set\",\"remark\":\"Each battery room need 1\"},{\"title\":\"Network Cable\",\"model\":\"CAT5\",\"number\":10,\"unit\":\"meter\",\"remark\":\"\"},{\"title\":\"Registered Jack\",\"model\":\"CAT5\",\"number\":3,\"unit\":\"pc\",\"remark\":\"\"},{\"title\":\"Communication Cable\",\"model\":\"\",\"number\":10,\"unit\":\"meter\",\"remark\":\"\"},{\"title\":\"Gateway Power Cable\",\"model\":\"AC220V 1mm2\",\"number\":10,\"unit\":\"meter\",\"remark\":\"\"},{\"title\":\"Insulated Tape(Red)\",\"model\":\"red\",\"number\":1,\"unit\":\"pc\",\"remark\":\"\"},{\"title\":\"Insulated Tape(Blue)\",\"model\":\"Blue\",\"number\":1,\"unit\":\"pc\",\"remark\":\"\"},{\"title\":\"Label\",\"model\":\"White A4\",\"number\":1,\"unit\":\"pc\",\"remark\":\"\"},{\"title\":\"Tight Cable\",\"model\":\"5*300mm\",\"number\":3,\"unit\":\"pc\",\"remark\":\"\"},{\"title\":\"Troughs\",\"model\":\"W50mm * H50mm\",\"number\":18,\"unit\":\"meter\",\"remark\":null}],\"System Platform\":[{\"title\":\"Platform Software\",\"model\":\"ECO Plus System Software Package\",\"number\":1,\"unit\":\"set\",\"remark\":\"Each project need 1 set\"}],\"Spare Parts\":[{\"title\":\"Acquisition module\",\"model\":\"SLSU4-12\",\"number\":1,\"unit\":\"pc\",\"remark\":\"Each 4 batteries need 1\"}]}','2018-08-23 03:33:55','2018-08-23 03:33:55'),(94,'广州沙溪IDC','{\"3台xxx xxx 电源 3组12V200Ah共288节电池\":[{\"title\":\"采集模块\",\"model\":\"SLSU4-12\",\"number\":72,\"unit\":\"个\",\"remark\":\"四只电池配一个采集模块\"},{\"title\":\"智能霍尔传感器\",\"model\":\"LF-DI12-R2-C32-1.0/0-±1000A\",\"number\":9,\"unit\":\"个\",\"remark\":\"每组电池配1个\"},{\"title\":\"智能电压采集器\",\"model\":\"LF-DV12-R2A1-0.2/0-1000V\",\"number\":3,\"unit\":\"个\",\"remark\":\"每台电源配1个\"},{\"title\":\"漏电流传感器\",\"model\":\"LF-MI11-R2B8-1.0/0 ~±10mA\",\"number\":3,\"unit\":\"个\",\"remark\":\"每台电源配1个\"},{\"title\":\"智能网关\",\"model\":\"SLG-GW-220\",\"number\":3,\"unit\":\"台\",\"remark\":\"每台电源配1台\"},{\"title\":\"网关驱动软件\",\"model\":\"SLG-SW-V2.0\",\"number\":3,\"unit\":\"套\",\"remark\":\"每台电源配1套\"}],\"1台xxx xxx 电源 4组12V200Ah共128节电池\":[{\"title\":\"采集模块\",\"model\":\"SLSU4-12\",\"number\":32,\"unit\":\"个\",\"remark\":\"四只电池配一个采集模块\"},{\"title\":\"智能霍尔传感器\",\"model\":\"LF-DI12-R2-C32-1.0/0-±1000A\",\"number\":4,\"unit\":\"个\",\"remark\":\"每组电池配1个\"},{\"title\":\"智能电压采集器\",\"model\":\"LF-DV12-R2A1-0.2/0-1000V\",\"number\":1,\"unit\":\"个\",\"remark\":\"每台电源配1个\"},{\"title\":\"漏电流传感器\",\"model\":\"LF-MI11-R2B8-1.0/0 ~±10mA\",\"number\":1,\"unit\":\"个\",\"remark\":\"每台电源配1个\"},{\"title\":\"智能网关\",\"model\":\"SLG-GW-220\",\"number\":1,\"unit\":\"台\",\"remark\":\"每台电源配1台\"},{\"title\":\"网关驱动软件\",\"model\":\"SLG-SW-V2.0\",\"number\":1,\"unit\":\"套\",\"remark\":\"每台电源配1套\"}],\"8台xxx xxx 电源 3组12V200Ah共1008节电池\":[{\"title\":\"采集模块\",\"model\":\"SLSU4-12\",\"number\":264,\"unit\":\"个\",\"remark\":\"四只电池配一个采集模块\"},{\"title\":\"智能霍尔传感器\",\"model\":\"LF-DI12-R2-C32-1.0/0-±1000A\",\"number\":24,\"unit\":\"个\",\"remark\":\"每组电池配1个\"},{\"title\":\"智能电压采集器\",\"model\":\"LF-DV12-R2A1-0.2/0-1000V\",\"number\":8,\"unit\":\"个\",\"remark\":\"每台电源配1个\"},{\"title\":\"漏电流传感器\",\"model\":\"LF-MI11-R2B8-1.0/0 ~±10mA\",\"number\":8,\"unit\":\"个\",\"remark\":\"每台电源配1个\"},{\"title\":\"智能网关\",\"model\":\"SLG-GW-220\",\"number\":8,\"unit\":\"台\",\"remark\":\"每台电源配1台\"},{\"title\":\"网关驱动软件\",\"model\":\"SLG-SW-V2.0\",\"number\":8,\"unit\":\"套\",\"remark\":\"每台电源配1套\"}],\"10台xxx xxx 电源 3组12V200Ah共1260节电池\":[{\"title\":\"采集模块\",\"model\":\"SLSU4-12\",\"number\":330,\"unit\":\"个\",\"remark\":\"四只电池配一个采集模块\"},{\"title\":\"智能霍尔传感器\",\"model\":\"LF-DI12-R2-C32-1.0/0-±1000A\",\"number\":30,\"unit\":\"个\",\"remark\":\"每组电池配1个\"},{\"title\":\"智能电压采集器\",\"model\":\"LF-DV12-R2A1-0.2/0-1000V\",\"number\":10,\"unit\":\"个\",\"remark\":\"每台电源配1个\"},{\"title\":\"漏电流传感器\",\"model\":\"LF-MI11-R2B8-1.0/0 ~±10mA\",\"number\":10,\"unit\":\"个\",\"remark\":\"每台电源配1个\"},{\"title\":\"智能网关\",\"model\":\"SLG-GW-220\",\"number\":10,\"unit\":\"台\",\"remark\":\"每台电源配1台\"},{\"title\":\"网关驱动软件\",\"model\":\"SLG-SW-V2.0\",\"number\":10,\"unit\":\"套\",\"remark\":\"每台电源配1套\"}],\"工程安装\":[{\"title\":\"通信柜\",\"model\":\"20U，带PDU、导轨\",\"number\":4,\"unit\":\"台\",\"remark\":\"每个电池房配1台\"},{\"title\":\"交换机\",\"model\":\"\",\"number\":4,\"unit\":\"台\",\"remark\":\"每个电池房配1台\"},{\"title\":\"网线\",\"model\":\"CAT5 (5类)\",\"number\":220,\"unit\":\"米\",\"remark\":\"\"},{\"title\":\"水晶头\",\"model\":\"CAT5 (5类)\",\"number\":66,\"unit\":\"个\",\"remark\":\"\"},{\"title\":\"五芯通信线\",\"model\":\"\",\"number\":220,\"unit\":\"米\",\"remark\":\"\"},{\"title\":\"网关电源线\",\"model\":\"AC220V 1mm2\",\"number\":220,\"unit\":\"米\",\"remark\":\"\"},{\"title\":\"绝缘胶带(红)\",\"model\":\"红色\",\"number\":22,\"unit\":\"卷\",\"remark\":\"\"},{\"title\":\"绝缘胶带(蓝)\",\"model\":\"蓝色\",\"number\":22,\"unit\":\"卷\",\"remark\":\"\"},{\"title\":\"标签\",\"model\":\"白色P型A4线缆标签\",\"number\":22,\"unit\":\"张\",\"remark\":\"\"},{\"title\":\"扎带\",\"model\":\"5*300mm\",\"number\":66,\"unit\":\"包\",\"remark\":\"\"},{\"title\":\"线槽\",\"model\":\"W50mm * H50mm\",\"number\":739,\"unit\":\"米\",\"remark\":null}],\"系统平台\":[{\"title\":\"网管平台软件\",\"model\":\"ECO Plus System Software Package\",\"number\":1,\"unit\":\"套\",\"remark\":\"一个项目配一套\"},{\"title\":\"NT服务器\",\"model\":\"6 cores CPU / 8 GB Memery/ 500GB Harddisk *2 RAID1/ 1U\",\"number\":1,\"unit\":\"套\",\"remark\":\"一个项目配一套\"},{\"title\":\"机架式一体机\",\"model\":\"KVM 17\\\" 显示器、键盘、鼠标\",\"number\":1,\"unit\":\"台\",\"remark\":\"一台服务器配一台\"}],\"备品\":[{\"title\":\"采集模块\",\"model\":\"SLSU4-12\",\"number\":21,\"unit\":\"个\",\"remark\":\"四只电池配一个采集模块\"}]}','2018-08-28 05:42:47','2018-08-28 05:42:47'),(95,'TimeDotcom数据中心','{\"1台xxx xxx 电源 4组12V230Ah共176节电池\":[{\"title\":\"采集模块\",\"model\":\"SLSU4-12\",\"number\":44,\"unit\":\"个\",\"remark\":\"四只电池配一个采集模块\"},{\"title\":\"智能霍尔传感器\",\"model\":\"LF-DI12-R2-C32-1.0/0-±1000A\",\"number\":4,\"unit\":\"个\",\"remark\":\"每组电池配1个\"},{\"title\":\"智能电压采集器\",\"model\":\"LF-DV12-R2A1-0.2/0-1000V\",\"number\":1,\"unit\":\"个\",\"remark\":\"每台电源配1个\"},{\"title\":\"漏电流传感器\",\"model\":\"LF-MI11-R2B8-1.0/0 ~±10mA\",\"number\":1,\"unit\":\"个\",\"remark\":\"每台电源配1个\"},{\"title\":\"智能网关\",\"model\":\"SLG-GW-220\",\"number\":1,\"unit\":\"台\",\"remark\":\"每台电源配1台\"},{\"title\":\"网关驱动软件\",\"model\":\"SLG-SW-V2.0\",\"number\":1,\"unit\":\"套\",\"remark\":\"每台电源配1套\"}],\"1台xxx xxx 电源 4组12V230Ah共136节电池\":[{\"title\":\"采集模块\",\"model\":\"SLSU4-12\",\"number\":36,\"unit\":\"个\",\"remark\":\"四只电池配一个采集模块\"},{\"title\":\"智能霍尔传感器\",\"model\":\"LF-DI12-R2-C32-1.0/0-±1000A\",\"number\":4,\"unit\":\"个\",\"remark\":\"每组电池配1个\"},{\"title\":\"智能电压采集器\",\"model\":\"LF-DV12-R2A1-0.2/0-1000V\",\"number\":1,\"unit\":\"个\",\"remark\":\"每台电源配1个\"},{\"title\":\"漏电流传感器\",\"model\":\"LF-MI11-R2B8-1.0/0 ~±10mA\",\"number\":1,\"unit\":\"个\",\"remark\":\"每台电源配1个\"},{\"title\":\"智能网关\",\"model\":\"SLG-GW-220\",\"number\":1,\"unit\":\"台\",\"remark\":\"每台电源配1台\"},{\"title\":\"网关驱动软件\",\"model\":\"SLG-SW-V2.0\",\"number\":1,\"unit\":\"套\",\"remark\":\"每台电源配1套\"}],\"工程安装\":[{\"title\":\"通信柜\",\"model\":\"20U，带PDU、导轨\",\"number\":1,\"unit\":\"台\",\"remark\":\"每个电池房配1台\"},{\"title\":\"交换机\",\"model\":\"\",\"number\":1,\"unit\":\"台\",\"remark\":\"每个电池房配1台\"},{\"title\":\"网线\",\"model\":\"CAT5 (5类)\",\"number\":20,\"unit\":\"米\",\"remark\":\"\"},{\"title\":\"水晶头\",\"model\":\"CAT5 (5类)\",\"number\":6,\"unit\":\"个\",\"remark\":\"\"},{\"title\":\"五芯通信线\",\"model\":\"\",\"number\":20,\"unit\":\"米\",\"remark\":\"\"},{\"title\":\"网关电源线\",\"model\":\"AC220V 1mm2\",\"number\":20,\"unit\":\"米\",\"remark\":\"\"},{\"title\":\"绝缘胶带(红)\",\"model\":\"红色\",\"number\":2,\"unit\":\"卷\",\"remark\":\"\"},{\"title\":\"绝缘胶带(蓝)\",\"model\":\"蓝色\",\"number\":2,\"unit\":\"卷\",\"remark\":\"\"},{\"title\":\"标签\",\"model\":\"白色P型A4线缆标签\",\"number\":2,\"unit\":\"张\",\"remark\":\"\"},{\"title\":\"扎带\",\"model\":\"5*300mm\",\"number\":6,\"unit\":\"包\",\"remark\":\"\"},{\"title\":\"线槽\",\"model\":\"W50mm * H50mm\",\"number\":69,\"unit\":\"米\",\"remark\":null}],\"系统平台\":[{\"title\":\"网管平台软件\",\"model\":\"ECO Plus System Software Package\",\"number\":1,\"unit\":\"套\",\"remark\":\"一个项目配一套\"},{\"title\":\"NT服务器\",\"model\":\"6 cores CPU / 8 GB Memery/ 500GB Harddisk *2 RAID1/ 1U\",\"number\":1,\"unit\":\"套\",\"remark\":\"一个项目配一套\"},{\"title\":\"机架式一体机\",\"model\":\"KVM 17\\\" 显示器、键盘、鼠标\",\"number\":1,\"unit\":\"台\",\"remark\":\"一台服务器配一台\"}],\"备品\":[{\"title\":\"采集模块\",\"model\":\"SLSU4-12\",\"number\":3,\"unit\":\"个\",\"remark\":\"四只电池配一个采集模块\"}]}','2018-09-07 01:56:44','2018-09-07 01:56:44');
/*!40000 ALTER TABLE `config_result` ENABLE KEYS */;
UNLOCK TABLES;

--
-- Table structure for table `configuration_info`
--

DROP TABLE IF EXISTS `configuration_info`;
/*!40101 SET @saved_cs_client     = @@character_set_client */;
/*!40101 SET character_set_client = utf8 */;
CREATE TABLE `configuration_info` (
  `id` int(11) NOT NULL AUTO_INCREMENT,
  `config_result_id` int(11) NOT NULL,
  `create_time` timestamp NULL DEFAULT NULL ON UPDATE CURRENT_TIMESTAMP,
  `update_time` timestamp NULL DEFAULT NULL ON UPDATE CURRENT_TIMESTAMP,
  PRIMARY KEY (`id`),
  UNIQUE KEY `uni_con_con` (`config_result_id`),
  KEY `config_id` (`config_result_id`),
  CONSTRAINT `fk_con_con` FOREIGN KEY (`config_result_id`) REFERENCES `config_result` (`id`) ON DELETE CASCADE ON UPDATE CASCADE
) ENGINE=InnoDB AUTO_INCREMENT=96 DEFAULT CHARSET=utf8;
/*!40101 SET character_set_client = @saved_cs_client */;

--
-- Dumping data for table `configuration_info`
--

LOCK TABLES `configuration_info` WRITE;
/*!40000 ALTER TABLE `configuration_info` DISABLE KEYS */;
INSERT INTO `configuration_info` VALUES (1,1,'2018-02-23 01:39:14','2018-02-23 01:39:14'),(2,2,'2018-02-23 01:40:29','2018-02-23 01:40:29'),(3,3,'2018-02-23 01:43:06','2018-02-23 01:43:06'),(4,4,'2018-02-23 07:31:09','2018-02-23 07:31:09'),(5,5,'2018-02-23 07:31:45','2018-02-23 07:31:45'),(6,6,'2018-02-23 07:32:52','2018-02-23 07:32:52'),(7,7,'2018-02-23 07:44:22','2018-02-23 07:44:22'),(8,8,'2018-02-23 07:44:38','2018-02-23 07:44:38'),(9,9,'2018-02-23 08:03:38','2018-02-23 08:03:38'),(10,10,'2018-02-23 08:34:12','2018-02-23 08:34:12'),(11,11,'2018-02-23 08:43:24','2018-02-23 08:43:24'),(12,12,'2018-02-23 10:39:52','2018-02-23 10:39:52'),(13,13,'2018-02-24 06:20:56','2018-02-24 06:20:56'),(14,14,'2018-02-24 06:23:46','2018-02-24 06:23:46'),(15,15,'2018-02-24 06:31:13','2018-02-24 06:31:13'),(16,16,'2018-02-24 06:34:53','2018-02-24 06:34:53'),(17,17,'2018-02-24 06:35:00','2018-02-24 06:35:00'),(18,18,'2018-02-24 06:47:07','2018-02-24 06:47:07'),(19,19,'2018-02-24 06:50:10','2018-02-24 06:50:10'),(20,20,'2018-02-24 06:52:03','2018-02-24 06:52:03'),(21,21,'2018-02-24 07:44:20','2018-02-24 07:44:20'),(22,22,'2018-02-24 07:45:08','2018-02-24 07:45:08'),(23,23,'2018-02-24 07:46:55','2018-02-24 07:46:55'),(25,25,'2018-02-24 09:50:13','2018-02-24 09:50:13'),(26,26,'2018-02-24 09:55:06','2018-02-24 09:55:06'),(27,27,'2018-02-24 10:16:11','2018-02-24 10:16:11'),(28,28,'2018-02-24 13:48:54','2018-02-24 13:48:54'),(29,29,'2018-02-25 03:01:38','2018-02-25 03:01:38'),(30,30,'2018-02-26 00:54:46','2018-02-26 00:54:46'),(31,31,'2018-02-26 01:10:24','2018-02-26 01:10:24'),(32,32,'2018-02-26 01:18:02','2018-02-26 01:18:02'),(33,33,'2018-02-26 01:48:12','2018-02-26 01:48:12'),(34,34,'2018-02-26 01:56:58','2018-02-26 01:56:58'),(35,35,'2018-02-26 02:00:08','2018-02-26 02:00:08'),(36,36,'2018-02-26 02:05:53','2018-02-26 02:05:53'),(37,37,'2018-02-26 02:13:55','2018-02-26 02:13:55'),(38,38,'2018-02-26 02:21:08','2018-02-26 02:21:08'),(39,39,'2018-02-26 02:36:00','2018-02-26 02:36:00'),(40,40,'2018-02-26 05:44:56','2018-02-26 05:44:56'),(41,41,'2018-02-26 10:34:25','2018-02-26 10:34:25'),(42,42,'2018-02-26 10:50:49','2018-02-26 10:50:49'),(43,43,'2018-02-27 02:22:46','2018-02-27 02:22:46'),(44,44,'2018-02-27 06:49:00','2018-02-27 06:49:00'),(45,45,'2018-02-28 06:07:39','2018-02-28 06:07:39'),(46,46,'2018-02-28 06:18:33','2018-02-28 06:18:33'),(47,47,'2018-02-28 06:25:46','2018-02-28 06:25:46'),(48,48,'2018-02-28 06:45:24','2018-02-28 06:45:24'),(49,49,'2018-03-13 01:16:42','2018-03-13 01:16:42'),(50,50,'2018-03-22 02:59:19','2018-03-22 02:59:19'),(51,51,'2018-03-22 03:04:18','2018-03-22 03:04:18'),(52,52,'2018-03-23 02:56:21','2018-03-23 02:56:21'),(53,53,'2018-03-23 09:57:21','2018-03-23 09:57:21'),(54,54,'2018-03-26 05:55:57','2018-03-26 05:55:57'),(55,55,'2018-03-26 05:58:18','2018-03-26 05:58:18'),(56,56,'2018-03-27 01:10:34','2018-03-27 01:10:34'),(57,57,'2018-03-29 08:09:07','2018-03-29 08:09:07'),(58,58,'2018-04-03 07:21:35','2018-04-03 07:21:35'),(59,59,'2018-04-10 07:00:46','2018-04-10 07:00:46'),(60,60,'2018-04-17 01:47:58','2018-04-17 01:47:58'),(61,61,'2018-04-17 06:00:12','2018-04-17 06:00:12'),(62,62,'2018-04-17 06:00:52','2018-04-17 06:00:52'),(63,63,'2018-04-17 06:48:58','2018-04-17 06:48:58'),(64,64,'2018-04-17 06:58:13','2018-04-17 06:58:13'),(65,65,'2018-04-17 06:58:37','2018-04-17 06:58:37'),(66,66,'2018-04-18 03:21:49','2018-04-18 03:21:49'),(67,67,'2018-04-18 03:23:14','2018-04-18 03:23:14'),(68,68,'2018-04-19 08:32:56','2018-04-19 08:32:56'),(69,69,'2018-04-19 08:39:07','2018-04-19 08:39:07'),(70,70,'2018-05-02 06:48:10','2018-05-02 06:48:10'),(71,71,'2018-05-08 06:09:24','2018-05-08 06:09:24'),(72,72,'2018-05-09 06:13:37','2018-05-09 06:13:37'),(73,73,'2018-05-14 08:45:15','2018-05-14 08:45:15'),(74,74,'2018-05-25 07:02:06','2018-05-25 07:02:06'),(75,75,'2018-05-25 10:09:12','2018-05-25 10:09:12'),(76,76,'2018-05-30 02:01:19','2018-05-30 02:01:19'),(77,77,'2018-06-04 05:52:23','2018-06-04 05:52:23'),(78,78,'2018-06-04 05:54:15','2018-06-04 05:54:15'),(79,79,'2018-06-06 02:20:38','2018-06-06 02:20:38'),(80,80,'2018-06-06 02:28:18','2018-06-06 02:28:18'),(81,81,'2018-06-06 02:50:52','2018-06-06 02:50:52'),(82,82,'2018-06-11 02:18:18','2018-06-11 02:18:18'),(83,83,'2018-06-21 02:41:09','2018-06-21 02:41:09'),(84,84,'2018-07-04 03:42:38','2018-07-04 03:42:38'),(85,85,'2018-07-04 06:15:50','2018-07-04 06:15:50'),(86,86,'2018-07-06 07:04:04','2018-07-06 07:04:04'),(87,87,'2018-07-06 07:10:35','2018-07-06 07:10:35'),(88,88,'2018-07-06 07:16:37','2018-07-06 07:16:37'),(90,90,'2018-07-10 12:21:53','2018-07-10 12:21:53'),(91,91,'2018-07-31 03:22:52','2018-07-31 03:22:52'),(92,92,'2018-08-01 14:44:41','2018-08-01 14:44:41'),(93,93,'2018-08-23 03:33:55','2018-08-23 03:33:55'),(94,94,'2018-08-28 05:42:47','2018-08-28 05:42:47'),(95,95,'2018-09-07 01:56:44','2018-09-07 01:56:44');
/*!40000 ALTER TABLE `configuration_info` ENABLE KEYS */;
UNLOCK TABLES;

--
-- Table structure for table `direct_current_panel_info`
--

DROP TABLE IF EXISTS `direct_current_panel_info`;
/*!40101 SET @saved_cs_client     = @@character_set_client */;
/*!40101 SET character_set_client = utf8 */;
CREATE TABLE `direct_current_panel_info` (
  `id` int(11) NOT NULL AUTO_INCREMENT,
  `config_id` int(11) NOT NULL,
  `brand` varchar(255) NOT NULL,
  `model` varchar(255) NOT NULL,
  `number` int(11) NOT NULL,
  `max_charge_current` double NOT NULL,
  `max_discharge_current` double NOT NULL,
  `need_leakage_sensor` tinyint(1) NOT NULL,
  `create_time` timestamp NULL DEFAULT NULL,
  `update_time` timestamp NULL DEFAULT NULL,
  PRIMARY KEY (`id`),
  KEY `config_id` (`config_id`),
  CONSTRAINT `fk_dcp_con` FOREIGN KEY (`config_id`) REFERENCES `configuration_info` (`id`) ON DELETE CASCADE ON UPDATE CASCADE
) ENGINE=InnoDB AUTO_INCREMENT=8 DEFAULT CHARSET=utf8;
/*!40101 SET character_set_client = @saved_cs_client */;

--
-- Dumping data for table `direct_current_panel_info`
--

LOCK TABLES `direct_current_panel_info` WRITE;
/*!40000 ALTER TABLE `direct_current_panel_info` DISABLE KEYS */;
INSERT INTO `direct_current_panel_info` VALUES (1,3,'NTC','200-800',1,431.85,800,0,'2018-02-23 01:43:06','2018-02-23 01:43:06'),(2,3,'NTC','200-100',2,50,100,1,'2018-02-23 01:43:06','2018-02-23 01:43:06'),(3,16,'1','1',4,20,200,0,'2018-02-24 06:34:53','2018-02-24 06:34:53'),(4,17,'1','1',4,20,200,0,'2018-02-24 06:35:00','2018-02-24 06:35:00'),(5,38,'伊斯特','34',4,100,300,1,'2018-02-26 02:21:08','2018-02-26 02:21:08'),(6,52,'中恒','未知',1,20,50,1,'2018-03-23 02:56:21','2018-03-23 02:56:21'),(7,79,'xxx','xxx',1,200,200,1,'2018-06-06 02:20:38','2018-06-06 02:20:38');
/*!40000 ALTER TABLE `direct_current_panel_info` ENABLE KEYS */;
UNLOCK TABLES;

--
-- Table structure for table `environment_info`
--

DROP TABLE IF EXISTS `environment_info`;
/*!40101 SET @saved_cs_client     = @@character_set_client */;
/*!40101 SET character_set_client = utf8 */;
CREATE TABLE `environment_info` (
  `id` int(11) NOT NULL AUTO_INCREMENT,
  `config_id` int(11) NOT NULL,
  `need_server` tinyint(1) NOT NULL,
  `need_gsm_modem` tinyint(1) NOT NULL,
  `need_backup` tinyint(1) NOT NULL,
  `battery_room_number` int(11) DEFAULT NULL,
  `create_time` timestamp NULL DEFAULT NULL,
  `update_time` timestamp NULL DEFAULT NULL,
  PRIMARY KEY (`id`),
  UNIQUE KEY `uni_env_con` (`config_id`),
  KEY `config_id` (`config_id`),
  CONSTRAINT `fk_env_con` FOREIGN KEY (`config_id`) REFERENCES `configuration_info` (`id`) ON DELETE CASCADE ON UPDATE CASCADE
) ENGINE=InnoDB AUTO_INCREMENT=96 DEFAULT CHARSET=utf8;
/*!40101 SET character_set_client = @saved_cs_client */;

--
-- Dumping data for table `environment_info`
--

LOCK TABLES `environment_info` WRITE;
/*!40000 ALTER TABLE `environment_info` DISABLE KEYS */;
INSERT INTO `environment_info` VALUES (1,1,1,1,1,3,'2018-02-23 01:39:14','2018-02-23 01:39:14'),(2,2,0,0,1,NULL,'2018-02-23 01:40:29','2018-02-23 01:40:29'),(3,3,0,0,1,2,'2018-02-23 01:43:06','2018-02-23 01:43:06'),(4,4,0,0,1,NULL,'2018-02-23 07:31:09','2018-02-23 07:31:09'),(5,5,0,0,1,NULL,'2018-02-23 07:31:45','2018-02-23 07:31:45'),(6,6,0,0,1,NULL,'2018-02-23 07:32:52','2018-02-23 07:32:52'),(7,7,0,0,1,1,'2018-02-23 07:44:22','2018-02-23 07:44:22'),(8,8,0,0,1,1,'2018-02-23 07:44:38','2018-02-23 07:44:38'),(9,9,1,1,1,1,'2018-02-23 08:03:38','2018-02-23 08:03:38'),(10,10,0,0,1,NULL,'2018-02-23 08:34:12','2018-02-23 08:34:12'),(11,11,1,1,1,1,'2018-02-23 08:43:24','2018-02-23 08:43:24'),(12,12,1,1,1,1,'2018-02-23 10:39:52','2018-02-23 10:39:52'),(13,13,1,1,1,1,'2018-02-24 06:20:56','2018-02-24 06:20:56'),(14,14,0,0,0,NULL,'2018-02-24 06:23:46','2018-02-24 06:23:46'),(15,15,1,1,1,1,'2018-02-24 06:31:13','2018-02-24 06:31:13'),(16,16,1,0,0,3,'2018-02-24 06:34:53','2018-02-24 06:34:53'),(17,17,1,0,0,3,'2018-02-24 06:35:00','2018-02-24 06:35:00'),(18,18,1,0,0,2,'2018-02-24 06:47:07','2018-02-24 06:47:07'),(19,19,1,0,1,2,'2018-02-24 06:50:10','2018-02-24 06:50:10'),(20,20,1,0,0,NULL,'2018-02-24 06:52:03','2018-02-24 06:52:03'),(21,21,1,1,1,1,'2018-02-24 07:44:20','2018-02-24 07:44:20'),(22,22,1,1,1,1,'2018-02-24 07:45:08','2018-02-24 07:45:08'),(23,23,1,1,1,1,'2018-02-24 07:46:55','2018-02-24 07:46:55'),(25,25,1,1,1,1,'2018-02-24 09:50:13','2018-02-24 09:50:13'),(26,26,1,1,1,1,'2018-02-24 09:55:06','2018-02-24 09:55:06'),(27,27,1,1,1,1,'2018-02-24 10:16:11','2018-02-24 10:16:11'),(28,28,1,1,1,1,'2018-02-24 13:48:54','2018-02-24 13:48:54'),(29,29,0,0,1,1,'2018-02-25 03:01:38','2018-02-25 03:01:38'),(30,30,1,0,1,2,'2018-02-26 00:54:46','2018-02-26 00:54:46'),(31,31,1,1,1,NULL,'2018-02-26 01:10:24','2018-02-26 01:10:24'),(32,32,1,1,1,NULL,'2018-02-26 01:18:02','2018-02-26 01:18:02'),(33,33,1,1,1,NULL,'2018-02-26 01:48:12','2018-02-26 01:48:12'),(34,34,1,1,1,1,'2018-02-26 01:56:58','2018-02-26 01:56:58'),(35,35,1,1,1,1,'2018-02-26 02:00:08','2018-02-26 02:00:08'),(36,36,1,1,1,1,'2018-02-26 02:05:53','2018-02-26 02:05:53'),(37,37,1,1,1,4,'2018-02-26 02:13:55','2018-02-26 02:13:55'),(38,38,1,1,1,1,'2018-02-26 02:21:08','2018-02-26 02:21:08'),(39,39,1,1,1,1,'2018-02-26 02:36:00','2018-02-26 02:36:00'),(40,40,1,1,1,NULL,'2018-02-26 05:44:56','2018-02-26 05:44:56'),(41,41,1,1,1,1,'2018-02-26 10:34:25','2018-02-26 10:34:25'),(42,42,1,1,1,1,'2018-02-26 10:50:49','2018-02-26 10:50:49'),(43,43,1,1,1,1,'2018-02-27 02:22:46','2018-02-27 02:22:46'),(44,44,1,1,1,NULL,'2018-02-27 06:49:00','2018-02-27 06:49:00'),(45,45,1,1,1,NULL,'2018-02-28 06:07:39','2018-02-28 06:07:39'),(46,46,1,1,1,NULL,'2018-02-28 06:18:33','2018-02-28 06:18:33'),(47,47,1,1,1,NULL,'2018-02-28 06:25:46','2018-02-28 06:25:46'),(48,48,1,1,1,3,'2018-02-28 06:45:24','2018-02-28 06:45:24'),(49,49,0,0,1,1,'2018-03-13 01:16:42','2018-03-13 01:16:42'),(50,50,1,0,1,1,'2018-03-22 02:59:19','2018-03-22 02:59:19'),(51,51,1,0,1,NULL,'2018-03-22 03:04:18','2018-03-22 03:04:18'),(52,52,1,1,1,1,'2018-03-23 02:56:21','2018-03-23 02:56:21'),(53,53,1,1,1,1,'2018-03-23 09:57:21','2018-03-23 09:57:21'),(54,54,0,0,1,1,'2018-03-26 05:55:57','2018-03-26 05:55:57'),(55,55,0,0,1,1,'2018-03-26 05:58:18','2018-03-26 05:58:18'),(56,56,0,0,1,1,'2018-03-27 01:10:34','2018-03-27 01:10:34'),(57,57,0,0,0,1,'2018-03-29 08:09:07','2018-03-29 08:09:07'),(58,58,1,0,0,NULL,'2018-04-03 07:21:35','2018-04-03 07:21:35'),(59,59,1,1,1,2,'2018-04-10 07:00:46','2018-04-10 07:00:46'),(60,60,0,1,0,NULL,'2018-04-17 01:47:58','2018-04-17 01:47:58'),(61,61,1,1,1,1,'2018-04-17 06:00:12','2018-04-17 06:00:12'),(62,62,1,1,1,NULL,'2018-04-17 06:00:52','2018-04-17 06:00:52'),(63,63,1,1,1,1,'2018-04-17 06:48:58','2018-04-17 06:48:58'),(64,64,0,1,1,2,'2018-04-17 06:58:13','2018-04-17 06:58:13'),(65,65,0,1,1,2,'2018-04-17 06:58:37','2018-04-17 06:58:37'),(66,66,1,1,1,1,'2018-04-18 03:21:49','2018-04-18 03:21:49'),(67,67,1,1,1,1,'2018-04-18 03:23:14','2018-04-18 03:23:14'),(68,68,1,0,1,1,'2018-04-19 08:32:56','2018-04-19 08:32:56'),(69,69,1,0,1,1,'2018-04-19 08:39:07','2018-04-19 08:39:07'),(70,70,0,0,0,1,'2018-05-02 06:48:10','2018-05-02 06:48:10'),(71,71,0,0,0,1,'2018-05-08 06:09:24','2018-05-08 06:09:24'),(72,72,1,0,1,1,'2018-05-09 06:13:37','2018-05-09 06:13:37'),(73,73,0,0,1,1,'2018-05-14 08:45:15','2018-05-14 08:45:15'),(74,74,0,0,1,NULL,'2018-05-25 07:02:06','2018-05-25 07:02:06'),(75,75,0,0,0,1,'2018-05-25 10:09:12','2018-05-25 10:09:12'),(76,76,0,0,0,NULL,'2018-05-30 02:01:19','2018-05-30 02:01:19'),(77,77,0,0,0,NULL,'2018-06-04 05:52:23','2018-06-04 05:52:23'),(78,78,0,0,0,NULL,'2018-06-04 05:54:15','2018-06-04 05:54:15'),(79,79,1,0,0,1,'2018-06-06 02:20:38','2018-06-06 02:20:38'),(80,80,0,0,0,NULL,'2018-06-06 02:28:18','2018-06-06 02:28:18'),(81,81,0,0,1,1,'2018-06-06 02:50:52','2018-06-06 02:50:52'),(82,82,1,1,0,1,'2018-06-11 02:18:18','2018-06-11 02:18:18'),(83,83,0,1,0,NULL,'2018-06-21 02:41:09','2018-06-21 02:41:09'),(84,84,0,0,0,NULL,'2018-07-04 03:42:38','2018-07-04 03:42:38'),(85,85,1,1,1,NULL,'2018-07-04 06:15:50','2018-07-04 06:15:50'),(86,86,0,0,0,NULL,'2018-07-06 07:04:04','2018-07-06 07:04:04'),(87,87,0,0,0,1,'2018-07-06 07:10:35','2018-07-06 07:10:35'),(88,88,0,0,0,1,'2018-07-06 07:16:37','2018-07-06 07:16:37'),(90,90,0,0,0,1,'2018-07-10 12:21:53','2018-07-10 12:21:53'),(91,91,0,0,0,NULL,'2018-07-31 03:22:52','2018-07-31 03:22:52'),(92,92,1,0,1,1,'2018-08-01 14:44:41','2018-08-01 14:44:41'),(93,93,0,0,1,1,'2018-08-23 03:33:55','2018-08-23 03:33:55'),(94,94,1,0,1,4,'2018-08-28 05:42:47','2018-08-28 05:42:47'),(95,95,1,0,1,1,'2018-09-07 01:56:44','2018-09-07 01:56:44');
/*!40000 ALTER TABLE `environment_info` ENABLE KEYS */;
UNLOCK TABLES;

--
-- Table structure for table `hardware_category`
--

DROP TABLE IF EXISTS `hardware_category`;
/*!40101 SET @saved_cs_client     = @@character_set_client */;
/*!40101 SET character_set_client = utf8 */;
CREATE TABLE `hardware_category` (
  `id` int(11) NOT NULL AUTO_INCREMENT,
  `parent_id` int(11) NOT NULL,
  `name` varchar(255) NOT NULL,
  `is_parent` tinyint(1) NOT NULL,
  `create_time` timestamp NULL DEFAULT NULL ON UPDATE CURRENT_TIMESTAMP,
  `update_time` timestamp NULL DEFAULT NULL ON UPDATE CURRENT_TIMESTAMP,
  PRIMARY KEY (`id`)
) ENGINE=InnoDB AUTO_INCREMENT=22 DEFAULT CHARSET=utf8;
/*!40101 SET character_set_client = @saved_cs_client */;

--
-- Dumping data for table `hardware_category`
--

LOCK TABLES `hardware_category` WRITE;
/*!40000 ALTER TABLE `hardware_category` DISABLE KEYS */;
INSERT INTO `hardware_category` VALUES (1,0,'智能设备',1,'2018-04-09 18:26:05','2018-04-09 18:26:05'),(2,0,'电池规格书',1,'2018-04-09 18:25:56','2018-04-09 18:25:56'),(3,1,'采集模块',0,'2018-04-09 18:26:00','2018-04-09 18:26:00'),(4,1,'智能网关',0,'2018-04-09 18:25:44','2018-04-09 18:25:44'),(5,1,'智能控制柜',0,'2018-04-09 18:25:50','2018-04-09 18:25:50'),(6,2,'GB系列',0,'2018-04-09 18:25:30','2018-04-09 18:25:30'),(7,2,'DB系列',0,'2018-04-09 18:25:32','2018-04-09 18:25:32'),(8,2,'Solar系列',0,'2018-04-09 18:27:32','2018-04-09 18:27:32'),(9,2,'LSE系列',0,'2018-04-09 18:27:33','2018-04-09 18:27:33'),(10,2,'LSG系列',0,'2018-04-09 18:27:34','2018-04-09 18:27:34'),(11,2,'FA系列',0,'2018-04-09 18:27:35','2018-04-09 18:27:35'),(12,2,'FAG系列',0,'2018-04-09 18:27:36','2018-04-09 18:27:36'),(13,2,'OPzS系列',0,'2018-04-09 18:27:37','2018-04-09 18:27:37'),(14,2,'OPzV系列',0,'2018-04-09 18:27:38','2018-04-09 18:27:38'),(15,2,'XT系列',0,'2018-04-12 19:34:28','2018-04-12 19:34:28'),(16,0,'宣传资料',1,'2018-04-27 14:22:58','2018-04-27 14:22:58'),(17,16,'数据中心',0,'2018-04-27 14:22:58','2018-04-27 14:22:58'),(18,16,'电信',0,'2018-04-27 14:23:08','2018-04-27 14:23:08'),(19,16,'电力',0,'2018-04-27 14:23:14','2018-04-27 14:23:14'),(20,0,'其他资料',1,'2018-05-02 06:07:59','2018-05-02 06:07:59'),(21,20,'认证证书',0,'2018-05-02 06:07:59','2018-05-02 06:07:59');
/*!40000 ALTER TABLE `hardware_category` ENABLE KEYS */;
UNLOCK TABLES;

--
-- Table structure for table `hardware_param`
--

DROP TABLE IF EXISTS `hardware_param`;
/*!40101 SET @saved_cs_client     = @@character_set_client */;
/*!40101 SET character_set_client = utf8 */;
CREATE TABLE `hardware_param` (
  `id` int(11) NOT NULL AUTO_INCREMENT,
  `category_id` int(11) NOT NULL,
  `model` varchar(255) NOT NULL,
  `length` double NOT NULL,
  `width` double NOT NULL,
  `height` double NOT NULL,
  `file_path` varchar(255) NOT NULL,
  `language` varchar(255) NOT NULL,
  `create_time` timestamp NULL DEFAULT NULL ON UPDATE CURRENT_TIMESTAMP,
  `update_time` timestamp NULL DEFAULT NULL ON UPDATE CURRENT_TIMESTAMP,
  PRIMARY KEY (`id`)
) ENGINE=InnoDB AUTO_INCREMENT=34 DEFAULT CHARSET=utf8;
/*!40101 SET character_set_client = @saved_cs_client */;

--
-- Dumping data for table `hardware_param`
--

LOCK TABLES `hardware_param` WRITE;
/*!40000 ALTER TABLE `hardware_param` DISABLE KEYS */;
INSERT INTO `hardware_param` VALUES (27,3,'SLSU4-2.pdf',106,61,30,'/home/ftpuser/datasheet/采集模块/SLSU4-2.pdf','中文','2018-05-02 05:11:20','2018-05-02 05:11:20'),(28,3,'SLSU4-12.pdf',106,61,30,'/home/ftpuser/datasheet/采集模块/SLSU4-12.pdf','中文','2018-05-02 05:11:31','2018-05-02 05:11:31'),(31,3,'SLSU4-2 en.pdf',106,61,30,'/home/ftpuser/datasheet/采集模块/SLSU4-2 en.pdf','英文','2018-05-02 05:56:53','2018-05-02 05:56:53'),(32,3,'SLSU4-12 en.pdf',106,61,30,'/home/ftpuser/datasheet/采集模块/SLSU4-12 en.pdf','英文','2018-05-02 05:56:53','2018-05-02 05:56:53'),(33,17,'数据中心解决方案V12.pptx',0,0,0,'/home/ftpuser/datasheet/数据中心/数据中心解决方案V12.pptx','中文','2018-05-02 06:04:23','2018-05-02 06:04:23');
/*!40000 ALTER TABLE `hardware_param` ENABLE KEYS */;
UNLOCK TABLES;

--
-- Table structure for table `pow_battery_info`
--

DROP TABLE IF EXISTS `pow_battery_info`;
/*!40101 SET @saved_cs_client     = @@character_set_client */;
/*!40101 SET character_set_client = utf8 */;
CREATE TABLE `pow_battery_info` (
  `id` int(11) NOT NULL AUTO_INCREMENT,
  `power_id` int(11) NOT NULL,
  `battery_voltage` int(255) NOT NULL,
  `battery_capacity` int(255) NOT NULL,
  `banks` int(255) NOT NULL,
  `each_bank_number` int(11) NOT NULL,
  `bus_diameter` int(255) DEFAULT NULL,
  `width` double NOT NULL,
  `create_time` timestamp NULL DEFAULT '0000-00-00 00:00:00' ON UPDATE CURRENT_TIMESTAMP,
  `update_time` timestamp NULL DEFAULT '0000-00-00 00:00:00' ON UPDATE CURRENT_TIMESTAMP,
  PRIMARY KEY (`id`),
  UNIQUE KEY `uni_bat_power` (`power_id`),
  KEY `power_id` (`power_id`),
  CONSTRAINT `fk_powutility_dcpi` FOREIGN KEY (`power_id`) REFERENCES `direct_current_panel_info` (`id`) ON DELETE CASCADE ON UPDATE CASCADE
) ENGINE=InnoDB AUTO_INCREMENT=8 DEFAULT CHARSET=utf8;
/*!40101 SET character_set_client = @saved_cs_client */;

--
-- Dumping data for table `pow_battery_info`
--

LOCK TABLES `pow_battery_info` WRITE;
/*!40000 ALTER TABLE `pow_battery_info` DISABLE KEYS */;
INSERT INTO `pow_battery_info` VALUES (1,1,2,1000,1,107,240,230,'2018-02-23 01:43:06','2018-02-23 01:43:06'),(2,2,2,300,2,107,70,200,'2018-02-23 01:43:06','2018-02-23 01:43:06'),(3,3,2,500,1,105,240,12,'2018-02-24 06:34:53','2018-02-24 06:34:53'),(4,4,2,500,1,105,240,12,'2018-02-24 06:35:00','2018-02-24 06:35:00'),(5,5,2,500,2,110,240,200,'2018-02-26 02:21:08','2018-02-26 02:21:08'),(6,6,12,100,1,18,90,172,'2018-03-23 02:56:21','2018-03-23 02:56:21'),(7,7,2,200,1,104,90,200,'2018-06-06 02:20:38','2018-06-06 02:20:38');
/*!40000 ALTER TABLE `pow_battery_info` ENABLE KEYS */;
UNLOCK TABLES;

--
-- Table structure for table `smps_info`
--

DROP TABLE IF EXISTS `smps_info`;
/*!40101 SET @saved_cs_client     = @@character_set_client */;
/*!40101 SET character_set_client = utf8 */;
CREATE TABLE `smps_info` (
  `id` int(11) NOT NULL AUTO_INCREMENT,
  `config_id` int(11) NOT NULL,
  `brand` varchar(255) NOT NULL,
  `power` double NOT NULL,
  `number` int(11) NOT NULL,
  `need_single_monitor` tinyint(1) NOT NULL,
  `need_energy_saving` tinyint(1) NOT NULL,
  `need_smart_meter` tinyint(1) NOT NULL,
  `need_leakage_sensor` tinyint(1) NOT NULL,
  `create_time` timestamp NULL DEFAULT NULL,
  `update_time` timestamp NULL DEFAULT NULL,
  PRIMARY KEY (`id`),
  KEY `config_id` (`config_id`),
  CONSTRAINT `fk_smps_con` FOREIGN KEY (`config_id`) REFERENCES `configuration_info` (`id`) ON DELETE CASCADE ON UPDATE CASCADE
) ENGINE=InnoDB AUTO_INCREMENT=42 DEFAULT CHARSET=utf8;
/*!40101 SET character_set_client = @saved_cs_client */;

--
-- Dumping data for table `smps_info`
--

LOCK TABLES `smps_info` WRITE;
/*!40000 ALTER TABLE `smps_info` DISABLE KEYS */;
INSERT INTO `smps_info` VALUES (1,2,'中国联通',2,2,0,1,1,0,'2018-02-23 01:40:29','2018-02-23 01:40:29'),(2,2,'中国联通',2,2,1,1,1,0,'2018-02-23 01:40:29','2018-02-23 01:40:29'),(3,4,'Smart',2,2,1,0,0,0,'2018-02-23 07:31:09','2018-02-23 07:31:09'),(4,5,'Smart',2,2,1,0,0,0,'2018-02-23 07:31:45','2018-02-23 07:31:45'),(5,6,'Smart',2,2,1,0,0,0,'2018-02-23 07:32:52','2018-02-23 07:32:52'),(6,10,'Smart',2,20,1,0,0,0,'2018-02-23 08:34:12','2018-02-23 08:34:12'),(7,14,'中国移动',2,1,1,0,0,0,'2018-02-24 06:23:46','2018-02-24 06:23:46'),(8,20,'联通',480,10,0,0,0,0,'2018-02-24 06:52:03','2018-02-24 06:52:03'),(10,31,'Viettel',1.2,300,1,1,1,0,'2018-02-26 01:10:24','2018-02-26 01:10:24'),(11,32,'Viettel',1.2,300,1,1,1,0,'2018-02-26 01:18:02','2018-02-26 01:18:02'),(12,33,'Viettel',1.2,200,1,1,1,0,'2018-02-26 01:48:12','2018-02-26 01:48:12'),(13,40,'移动',10,2,1,0,0,1,'2018-02-26 05:44:56','2018-02-26 05:44:56'),(14,44,'中国联通',5,1,1,1,1,1,'2018-02-27 06:49:00','2018-02-27 06:49:00'),(15,45,'华为',5,1,1,1,1,1,'2018-02-28 06:07:39','2018-02-28 06:07:39'),(16,46,'华为',5,1,1,1,1,1,'2018-02-28 06:18:33','2018-02-28 06:18:33'),(17,47,'联通',5,1,1,1,1,1,'2018-02-28 06:25:46','2018-02-28 06:25:46'),(18,51,'MBF',288,3,1,0,0,1,'2018-03-22 03:04:18','2018-03-22 03:04:18'),(19,51,'MBF',240,1,1,0,0,1,'2018-03-22 03:04:18','2018-03-22 03:04:18'),(20,58,'铁塔',6,1,1,0,0,0,'2018-04-03 07:21:35','2018-04-03 07:21:35'),(21,58,'铁塔',6,1,1,1,1,0,'2018-04-03 07:21:35','2018-04-03 07:21:35'),(22,60,'Turkcell',1.5,1,1,1,1,0,'2018-04-17 01:47:58','2018-04-17 01:47:58'),(23,62,'123',123,123,1,1,1,1,'2018-04-17 06:00:52','2018-04-17 06:00:52'),(24,74,'Smart',5,75,1,0,0,0,'2018-05-25 07:02:06','2018-05-25 07:02:06'),(25,74,'Smart',2,193,1,0,0,0,'2018-05-25 07:02:06','2018-05-25 07:02:06'),(26,74,'Smart',2,210,1,0,0,0,'2018-05-25 07:02:06','2018-05-25 07:02:06'),(27,76,'xxx',2,1,1,0,0,1,'2018-05-30 02:01:19','2018-05-30 02:01:19'),(28,76,'xxx',5,1,1,0,0,1,'2018-05-30 02:01:19','2018-05-30 02:01:19'),(29,76,'xxx',2,1,1,0,0,0,'2018-05-30 02:01:19','2018-05-30 02:01:19'),(30,76,'xxx',2,1,1,0,0,0,'2018-05-30 02:01:19','2018-05-30 02:01:19'),(31,76,'xxx',2,1,1,0,0,0,'2018-05-30 02:01:19','2018-05-30 02:01:19'),(32,77,'xxx',1,3,1,0,0,0,'2018-06-04 05:52:23','2018-06-04 05:52:23'),(33,78,'xxx',1,3,1,0,0,0,'2018-06-04 05:54:15','2018-06-04 05:54:15'),(34,80,'xxx',2,1,1,0,0,1,'2018-06-06 02:28:18','2018-06-06 02:28:18'),(35,80,'xxx',5,1,1,0,0,1,'2018-06-06 02:28:18','2018-06-06 02:28:18'),(36,83,'QT',1.4,1,1,0,0,0,'2018-06-21 02:41:09','2018-06-21 02:41:09'),(37,84,'xxx',1,1,1,0,0,0,'2018-07-04 03:42:38','2018-07-04 03:42:38'),(38,85,'Invitel',30,25,1,0,0,1,'2018-07-04 06:15:50','2018-07-04 06:15:50'),(39,86,'xxx',2,1,1,0,0,0,'2018-07-06 07:04:04','2018-07-06 07:04:04'),(40,86,'xxx',2,1,1,0,0,0,'2018-07-06 07:04:04','2018-07-06 07:04:04'),(41,91,'xxx',2,6,1,0,0,0,'2018-07-31 03:22:52','2018-07-31 03:22:52');
/*!40000 ALTER TABLE `smps_info` ENABLE KEYS */;
UNLOCK TABLES;

--
-- Table structure for table `tel_battery_info`
--

DROP TABLE IF EXISTS `tel_battery_info`;
/*!40101 SET @saved_cs_client     = @@character_set_client */;
/*!40101 SET character_set_client = utf8 */;
CREATE TABLE `tel_battery_info` (
  `id` int(11) NOT NULL AUTO_INCREMENT,
  `power_id` int(11) NOT NULL,
  `battery_voltage` int(255) NOT NULL,
  `battery_capacity` int(255) NOT NULL,
  `banks` int(255) NOT NULL,
  `each_bank_number` int(11) NOT NULL,
  `bus_diameter` int(255) DEFAULT NULL,
  `width` double NOT NULL,
  `create_time` timestamp NULL DEFAULT '0000-00-00 00:00:00' ON UPDATE CURRENT_TIMESTAMP,
  `update_time` timestamp NULL DEFAULT '0000-00-00 00:00:00' ON UPDATE CURRENT_TIMESTAMP,
  PRIMARY KEY (`id`),
  UNIQUE KEY `uni_bat_power` (`power_id`),
  KEY `power_id` (`power_id`),
  CONSTRAINT `fk_tel_smps` FOREIGN KEY (`power_id`) REFERENCES `smps_info` (`id`) ON DELETE CASCADE ON UPDATE CASCADE
) ENGINE=InnoDB AUTO_INCREMENT=42 DEFAULT CHARSET=utf8;
/*!40101 SET character_set_client = @saved_cs_client */;

--
-- Dumping data for table `tel_battery_info`
--

LOCK TABLES `tel_battery_info` WRITE;
/*!40000 ALTER TABLE `tel_battery_info` DISABLE KEYS */;
INSERT INTO `tel_battery_info` VALUES (1,1,2,500,2,24,70,200,'2018-02-23 01:40:29','2018-02-23 01:40:29'),(2,2,2,500,2,24,70,200,'2018-02-23 01:40:29','2018-02-23 01:40:29'),(3,3,12,150,4,4,70,125,'2018-02-23 07:31:09','2018-02-23 07:31:09'),(4,4,12,150,4,4,70,125,'2018-02-23 07:31:45','2018-02-23 07:31:45'),(5,5,12,150,4,4,70,125,'2018-02-23 07:32:52','2018-02-23 07:32:52'),(6,6,12,150,4,4,70,125,'2018-02-23 08:34:12','2018-02-23 08:34:12'),(7,7,12,150,2,4,70,125,'2018-02-24 06:23:46','2018-02-24 06:23:46'),(8,8,12,150,4,4,35,140,'2018-02-24 06:52:03','2018-02-24 06:52:03'),(10,10,12,150,2,4,50,110,'2018-02-26 01:10:24','2018-02-26 01:10:24'),(11,11,12,150,2,4,50,110,'2018-02-26 01:18:02','2018-02-26 01:18:02'),(12,12,12,150,2,4,50,112,'2018-02-26 01:48:12','2018-02-26 01:48:12'),(13,13,2,1000,2,24,240,250,'2018-02-26 05:44:56','2018-02-26 05:44:56'),(14,14,2,300,2,24,2,3,'2018-02-27 06:49:00','2018-02-27 06:49:00'),(15,15,2,300,2,24,8,10,'2018-02-28 06:07:39','2018-02-28 06:07:39'),(16,16,2,300,2,24,8,10,'2018-02-28 06:18:33','2018-02-28 06:18:33'),(17,17,2,300,2,24,8,10,'2018-02-28 06:25:46','2018-02-28 06:25:46'),(18,18,2,3350,6,24,300,200,'2018-03-22 03:04:18','2018-03-22 03:04:18'),(19,19,2,3350,5,24,300,200,'2018-03-22 03:04:18','2018-03-22 03:04:18'),(20,20,12,150,2,4,70,125,'2018-04-03 07:21:35','2018-04-03 07:21:35'),(21,21,2,300,2,24,150,200,'2018-04-03 07:21:35','2018-04-03 07:21:35'),(22,22,12,100,4,4,35,110,'2018-04-17 01:47:58','2018-04-17 01:47:58'),(23,23,2,200,2,24,95,26,'2018-04-17 06:00:52','2018-04-17 06:00:52'),(24,24,2,800,1,24,90,230,'2018-05-25 07:02:06','2018-05-25 07:02:06'),(25,25,2,800,1,24,90,230,'2018-05-25 07:02:06','2018-05-25 07:02:06'),(26,26,12,150,4,4,90,125,'2018-05-25 07:02:06','2018-05-25 07:02:06'),(27,27,2,500,2,24,70,200,'2018-05-30 02:01:19','2018-05-30 02:01:19'),(28,28,2,1000,2,24,90,200,'2018-05-30 02:01:19','2018-05-30 02:01:19'),(29,29,2,1000,2,24,150,200,'2018-05-30 02:01:19','2018-05-30 02:01:19'),(30,30,2,2000,2,24,150,200,'2018-05-30 02:01:19','2018-05-30 02:01:19'),(31,31,2,3000,2,24,240,200,'2018-05-30 02:01:19','2018-05-30 02:01:19'),(32,32,12,180,2,4,70,200,'2018-06-04 05:52:23','2018-06-04 05:52:23'),(33,33,12,180,2,4,70,200,'2018-06-04 05:54:15','2018-06-04 05:54:15'),(34,34,12,20,1,4,70,200,'2018-06-06 02:28:18','2018-06-06 02:28:18'),(35,35,2,200,1,24,90,200,'2018-06-06 02:28:18','2018-06-06 02:28:18'),(36,36,12,200,1,4,5,5,'2018-06-21 02:41:09','2018-06-21 02:41:09'),(37,37,12,100,1,4,70,125,'2018-07-04 03:42:38','2018-07-04 03:42:38'),(38,38,2,3000,2,24,120,0,'2018-07-04 06:15:50','2018-07-04 06:15:50'),(39,39,12,150,8,4,70,125,'2018-07-06 07:04:04','2018-07-06 07:04:04'),(40,40,2,800,8,24,150,250,'2018-07-06 07:04:04','2018-07-06 07:04:04'),(41,41,2,1000,1,24,70,200,'2018-07-31 03:22:52','2018-07-31 03:22:52');
/*!40000 ALTER TABLE `tel_battery_info` ENABLE KEYS */;
UNLOCK TABLES;

--
-- Table structure for table `ups_info`
--

DROP TABLE IF EXISTS `ups_info`;
/*!40101 SET @saved_cs_client     = @@character_set_client */;
/*!40101 SET character_set_client = utf8 */;
CREATE TABLE `ups_info` (
  `id` int(11) NOT NULL AUTO_INCREMENT,
  `config_id` int(11) NOT NULL,
  `brand` varchar(255) NOT NULL,
  `model` varchar(255) NOT NULL,
  `power` int(255) NOT NULL,
  `number` int(11) NOT NULL,
  `is_three_wire` tinyint(1) NOT NULL,
  `need_convergence` tinyint(1) NOT NULL,
  `support_dry_node` tinyint(1) NOT NULL,
  `create_time` timestamp NULL DEFAULT NULL ON UPDATE CURRENT_TIMESTAMP,
  `update_time` timestamp NULL DEFAULT NULL ON UPDATE CURRENT_TIMESTAMP,
  PRIMARY KEY (`id`),
  KEY `config_id` (`config_id`),
  CONSTRAINT `fk_ups_con` FOREIGN KEY (`config_id`) REFERENCES `configuration_info` (`id`) ON DELETE CASCADE ON UPDATE CASCADE
) ENGINE=InnoDB AUTO_INCREMENT=77 DEFAULT CHARSET=utf8;
/*!40101 SET character_set_client = @saved_cs_client */;

--
-- Dumping data for table `ups_info`
--

LOCK TABLES `ups_info` WRITE;
/*!40000 ALTER TABLE `ups_info` DISABLE KEYS */;
INSERT INTO `ups_info` VALUES (1,1,'施耐德','Galaxy7000',500,5,0,1,0,'2018-02-23 01:39:14','2018-02-23 01:39:14'),(2,1,'艾默生','NXr',500,2,0,1,0,'2018-02-23 01:39:14','2018-02-23 01:39:14'),(3,7,'施耐德','Galaxy7000',500,1,0,1,0,'2018-02-23 07:44:22','2018-02-23 07:44:22'),(4,8,'施耐德','Galaxy7000',500,1,0,1,0,'2018-02-23 07:44:38','2018-02-23 07:44:38'),(5,9,'施耐德','Galaxy7000',500,2,0,1,0,'2018-02-23 08:03:38','2018-02-23 08:03:38'),(6,11,'C','J',500,1,1,1,1,'2018-02-23 08:43:24','2018-02-23 08:43:24'),(7,12,'1','1',1,1,1,0,1,'2018-02-23 10:39:52','2018-02-23 10:39:52'),(8,13,'施耐德','Galaxy7000',500,1,0,1,0,'2018-02-24 06:20:56','2018-02-24 06:20:56'),(9,15,'2','2',2,2,1,0,1,'2018-02-24 06:31:13','2018-02-24 06:31:13'),(10,18,'艾默生','ETK',300,2,0,0,0,'2018-02-24 06:47:07','2018-02-24 06:47:07'),(11,19,'艾默生','xx',200,1,0,0,0,'2018-02-24 06:50:10','2018-02-24 06:50:10'),(12,19,'华为','yy',300,1,0,0,0,'2018-02-24 06:50:10','2018-02-24 06:50:10'),(13,21,'艾默生','500',500,2,0,1,0,'2018-02-24 07:44:20','2018-02-24 07:44:20'),(14,22,'艾默生','500',500,2,0,1,0,'2018-02-24 07:45:08','2018-02-24 07:45:08'),(15,23,'艾默生','500',500,1,0,1,0,'2018-02-24 07:46:55','2018-02-24 07:46:55'),(16,25,'施耐德','Galaxy7000',500,1,0,1,0,'2018-02-24 09:50:13','2018-02-24 09:50:13'),(17,26,'施耐德','Galaxy7000',500,1,0,1,0,'2018-02-24 09:55:06','2018-02-24 09:55:06'),(18,27,'施耐德','Galaxy7000',500,1,0,1,0,'2018-02-24 10:16:11','2018-02-24 10:16:11'),(19,28,'1','1',1,1,1,1,1,'2018-02-24 13:48:54','2018-02-24 13:48:54'),(20,28,'1','1',1,1,1,1,1,'2018-02-24 13:48:54','2018-02-24 13:48:54'),(21,29,'XXX','XXX',80,2,0,0,0,'2018-02-25 03:01:38','2018-02-25 03:01:38'),(22,30,'艾默生','5000',500,12,0,1,0,'2018-02-26 00:54:46','2018-02-26 00:54:46'),(23,34,'施耐德','测试型号',500,1,1,1,1,'2018-02-26 01:56:58','2018-02-26 01:56:58'),(24,35,'施耐德','G7000',400,3,0,0,1,'2018-02-26 02:00:08','2018-02-26 02:00:08'),(25,36,'艾默生','SG',300,2,0,1,0,'2018-02-26 02:05:53','2018-02-26 02:05:53'),(26,37,'艾默生','SHR',500,40,0,1,0,'2018-02-26 02:13:55','2018-02-26 02:13:55'),(27,39,'科华','330',300,2,1,1,0,'2018-02-26 02:36:00','2018-02-26 02:36:00'),(28,41,'xxx','xxx',80,2,0,1,0,'2018-02-26 10:34:25','2018-02-26 10:34:25'),(29,42,'111','500',500,20,1,1,1,'2018-02-26 10:50:49','2018-02-26 10:50:49'),(30,43,'施耐德','Galaxy7000',500,1,0,1,0,'2018-02-27 02:22:46','2018-02-27 02:22:46'),(31,48,'华为','华为2000-G-20KRTL',10,3,1,1,1,'2018-02-28 06:45:24','2018-02-28 06:45:24'),(32,49,'施耐德','Galaxy7000',400,1,0,0,1,'2018-03-13 01:16:42','2018-03-13 01:16:42'),(33,49,'施耐德','VM200',200,1,0,0,1,'2018-03-13 01:16:42','2018-03-13 01:16:42'),(34,50,'施耐德','XXX',175,4,0,0,0,'2018-03-22 02:59:19','2018-03-22 02:59:19'),(35,53,'爱默生','NX-0600L',60,1,0,1,0,'2018-03-23 09:57:21','2018-03-23 09:57:21'),(36,54,'艾默生','NX0600',60,1,0,1,0,'2018-03-26 05:55:57','2018-03-26 05:55:57'),(37,55,'艾默生','NX0600',60,1,0,1,0,'2018-03-26 05:58:18','2018-03-26 05:58:18'),(38,56,'EATON','93E',60,1,0,1,1,'2018-03-27 01:10:34','2018-03-27 01:10:34'),(39,57,'xxx','xxx',120,1,0,0,0,'2018-03-29 08:09:07','2018-03-29 08:09:07'),(40,57,'xxx','xxx',120,1,0,0,0,'2018-03-29 08:09:07','2018-03-29 08:09:07'),(41,57,'xxx','xxx',120,1,0,0,0,'2018-03-29 08:09:07','2018-03-29 08:09:07'),(42,59,'GUTOR','4300A',300,2,0,0,0,'2018-04-10 07:00:46','2018-04-10 07:00:46'),(43,61,'施耐德','G7000',500,1,0,1,1,'2018-04-17 06:00:12','2018-04-17 06:00:12'),(44,63,'VERTIV','Liebert NX',600,1,0,1,1,'2018-04-17 06:48:58','2018-04-17 06:48:58'),(45,64,'台达','48V2000A',100,10,0,0,1,'2018-04-17 06:58:13','2018-04-17 06:58:13'),(46,65,'台达','48V2000A',100,10,0,0,1,'2018-04-17 06:58:37','2018-04-17 06:58:37'),(47,66,'EATON','XXX',500,1,0,1,0,'2018-04-18 03:21:49','2018-04-18 03:21:49'),(48,67,'EMERSON','NS',600,1,0,1,0,'2018-04-18 03:23:14','2018-04-18 03:23:14'),(49,68,'Eaton','93PR-200-BF',200,2,0,0,0,'2018-04-19 08:32:56','2018-04-19 08:32:56'),(50,68,'Eaton','DV2',200,2,0,0,0,'2018-04-19 08:32:56','2018-04-19 08:32:56'),(51,68,'Eaton','DV2',300,1,0,0,0,'2018-04-19 08:32:56','2018-04-19 08:32:56'),(52,69,'Eaton','93PR-200-BF',200,2,0,0,0,'2018-04-19 08:39:07','2018-04-19 08:39:07'),(53,69,'Eaton','DV2',200,2,0,0,0,'2018-04-19 08:39:07','2018-04-19 08:39:07'),(54,69,'Eaton','DV2',300,1,0,0,0,'2018-04-19 08:39:07','2018-04-19 08:39:07'),(55,70,'xxx','xxx',4,1,0,0,1,'2018-05-02 06:48:10','2018-05-02 06:48:10'),(56,71,'伊顿','XXX',800,6,1,1,1,'2018-05-08 06:09:24','2018-05-08 06:09:24'),(57,72,'伊顿','xxx',800,6,0,0,1,'2018-05-09 06:13:37','2018-05-09 06:13:37'),(58,72,'伊顿','xxx',400,1,0,0,1,'2018-05-09 06:13:37','2018-05-09 06:13:37'),(59,73,'伊顿','9E',200,1,1,0,0,'2018-05-14 08:45:15','2018-05-14 08:45:15'),(60,75,'xxx','xxx',200,1,1,0,1,'2018-05-25 10:09:12','2018-05-25 10:09:12'),(61,81,'xxx','xxx',20,1,0,0,0,'2018-06-06 02:50:52','2018-06-06 02:50:52'),(62,82,'xxx','xxx',200,1,0,0,0,'2018-06-11 02:18:18','2018-06-11 02:18:18'),(63,87,'xxx','xxx',30,1,0,0,0,'2018-07-06 07:10:35','2018-07-06 07:10:35'),(64,88,'xxx','xxx',200,1,0,0,0,'2018-07-06 07:16:37','2018-07-06 07:16:37'),(66,90,'xxx','xxx',200,1,0,0,0,'2018-07-10 12:21:53','2018-07-10 12:21:53'),(67,92,'xxx','xxx',800,1,0,0,0,'2018-08-01 14:44:41','2018-08-01 14:44:41'),(68,92,'xxx','xxx',120,2,0,0,0,'2018-08-01 14:44:41','2018-08-01 14:44:41'),(69,92,'xxx','xxx',400,2,0,0,0,'2018-08-01 14:44:41','2018-08-01 14:44:41'),(70,93,'xxx','xxx',200,1,0,0,0,'2018-08-23 03:33:55','2018-08-23 03:33:55'),(71,94,'xxx','xxx',200,3,0,0,0,'2018-08-28 05:42:47','2018-08-28 05:42:47'),(72,94,'xxx','xxx',400,1,0,0,0,'2018-08-28 05:42:47','2018-08-28 05:42:47'),(73,94,'xxx','xxx',500,8,0,0,0,'2018-08-28 05:42:47','2018-08-28 05:42:47'),(74,94,'xxx','xxx',500,10,0,0,0,'2018-08-28 05:42:47','2018-08-28 05:42:47'),(75,95,'xxx','xxx',800,1,0,0,0,'2018-09-07 01:56:44','2018-09-07 01:56:44'),(76,95,'xxx','xxx',400,1,0,0,0,'2018-09-07 01:56:44','2018-09-07 01:56:44');
/*!40000 ALTER TABLE `ups_info` ENABLE KEYS */;
UNLOCK TABLES;
/*!40103 SET TIME_ZONE=@OLD_TIME_ZONE */;

/*!40101 SET SQL_MODE=@OLD_SQL_MODE */;
/*!40014 SET FOREIGN_KEY_CHECKS=@OLD_FOREIGN_KEY_CHECKS */;
/*!40014 SET UNIQUE_CHECKS=@OLD_UNIQUE_CHECKS */;
/*!40101 SET CHARACTER_SET_CLIENT=@OLD_CHARACTER_SET_CLIENT */;
/*!40101 SET CHARACTER_SET_RESULTS=@OLD_CHARACTER_SET_RESULTS */;
/*!40101 SET COLLATION_CONNECTION=@OLD_COLLATION_CONNECTION */;
/*!40111 SET SQL_NOTES=@OLD_SQL_NOTES */;

-- Dump completed on 2018-09-12  2:56:55
